video_id,filename,class,class_name,pool_type,lighting,camera_angle,confidence
V0001,sample_0001.jpg,0,normal_swimming,outdoor,natural,side_view,0.96
V0002,sample_0002.jpg,3,swimming_distress,outdoor,low_light,side_view,0.89
V0003,sample_0003.jpg,3,swimming_distress,outdoor,low_light,45_degree,0.88
V0004,sample_0004.jpg,2,drowning_passive,indoor,artificial,45_degree,0.84
V0005,sample_0005.jpg,3,swimming_distress,outdoor,artificial,45_degree,0.93
V0006,sample_0006.jpg,1,drowning_active,indoor,low_light,45_degree,0.82
V0007,sample_0007.jpg,2,drowning_passive,outdoor,low_light,side_view,0.88
V0008,sample_0008.jpg,0,normal_swimming,indoor,natural,45_degree,0.95
V0009,sample_0009.jpg,3,swimming_distress,outdoor,natural,45_degree,0.81
V0010,sample_0010.jpg,1,drowning_active,outdoor,artificial,side_view,0.77
V0011,sample_0011.jpg,3,swimming_distress,indoor,low_light,side_view,0.82
V0012,sample_0012.jpg,1,drowning_active,outdoor,natural,side_view,0.94
V0013,sample_0013.jpg,3,swimming_distress,indoor,low_light,overhead,0.9
V0014,sample_0014.jpg,2,drowning_passive,outdoor,low_light,45_degree,0.75
V0015,sample_0015.jpg,1,drowning_active,indoor,low_light,overhead,0.79
V0016,sample_0016.jpg,3,swimming_distress,indoor,artificial,overhead,0.92
V0017,sample_0017.jpg,1,drowning_active,indoor,artificial,side_view,0.84
V0018,sample_0018.jpg,1,drowning_active,outdoor,artificial,45_degree,0.82
V0019,sample_0019.jpg,2,drowning_passive,indoor,artificial,side_view,0.81
V0020,sample_0020.jpg,0,normal_swimming,outdoor,low_light,side_view,0.82
V0021,sample_0021.jpg,1,drowning_active,indoor,natural,side_view,0.98
V0022,sample_0022.jpg,1,drowning_active,indoor,low_light,45_degree,0.85
V0023,sample_0023.jpg,0,normal_swimming,indoor,natural,overhead,0.78
V0024,sample_0024.jpg,1,drowning_active,indoor,natural,overhead,0.86
V0025,sample_0025.jpg,2,drowning_passive,indoor,artificial,side_view,0.94
V0026,sample_0026.jpg,0,normal_swimming,indoor,low_light,45_degree,0.8
V0027,sample_0027.jpg,0,normal_swimming,outdoor,artificial,side_view,0.93
V0028,sample_0028.jpg,0,normal_swimming,outdoor,natural,overhead,0.9
V0029,sample_0029.jpg,0,normal_swimming,outdoor,artificial,45_degree,0.82
V0030,sample_0030.jpg,0,normal_swimming,outdoor,artificial,overhead,0.79
V0031,sample_0031.jpg,0,normal_swimming,indoor,natural,side_view,0.9
V0032,sample_0032.jpg,3,swimming_distress,outdoor,natural,overhead,0.84
V0033,sample_0033.jpg,1,drowning_active,indoor,natural,side_view,0.96
V0034,sample_0034.jpg,1,drowning_active,indoor,artificial,side_view,0.94
V0035,sample_0035.jpg,3,swimming_distress,outdoor,natural,overhead,0.9
V0036,sample_0036.jpg,2,drowning_passive,indoor,natural,overhead,0.84
V0037,sample_0037.jpg,1,drowning_active,indoor,natural,45_degree,0.9
V0038,sample_0038.jpg,2,drowning_passive,indoor,artificial,side_view,0.98
V0039,sample_0039.jpg,1,drowning_active,outdoor,artificial,45_degree,0.94
V0040,sample_0040.jpg,2,drowning_passive,outdoor,natural,45_degree,0.82
V0041,sample_0041.jpg,1,drowning_active,indoor,artificial,45_degree,0.92
V0042,sample_0042.jpg,2,drowning_passive,indoor,natural,side_view,0.82
V0043,sample_0043.jpg,1,drowning_active,outdoor,natural,side_view,0.81
V0044,sample_0044.jpg,3,swimming_distress,indoor,natural,side_view,0.76
V0045,sample_0045.jpg,1,drowning_active,indoor,natural,overhead,0.97
V0046,sample_0046.jpg,2,drowning_passive,indoor,artificial,side_view,0.98
V0047,sample_0047.jpg,2,drowning_passive,indoor,natural,45_degree,0.93
V0048,sample_0048.jpg,3,swimming_distress,outdoor,artificial,overhead,0.79
V0049,sample_0049.jpg,3,swimming_distress,outdoor,natural,side_view,0.76
V0050,sample_0050.jpg,0,normal_swimming,outdoor,artificial,overhead,0.94
V0051,sample_0051.jpg,1,drowning_active,indoor,artificial,side_view,0.85
V0052,sample_0052.jpg,1,drowning_active,outdoor,low_light,overhead,0.96
V0053,sample_0053.jpg,2,drowning_passive,outdoor,natural,side_view,0.97
V0054,sample_0054.jpg,2,drowning_passive,indoor,artificial,overhead,0.92
V0055,sample_0055.jpg,0,normal_swimming,indoor,natural,side_view,0.84
V0056,sample_0056.jpg,3,swimming_distress,outdoor,artificial,side_view,0.88
V0057,sample_0057.jpg,0,normal_swimming,outdoor,low_light,45_degree,0.82
V0058,sample_0058.jpg,1,drowning_active,outdoor,artificial,45_degree,0.8
V0059,sample_0059.jpg,2,drowning_passive,outdoor,low_light,side_view,0.94
V0060,sample_0060.jpg,0,normal_swimming,outdoor,artificial,45_degree,0.91
V0061,sample_0061.jpg,1,drowning_active,indoor,artificial,side_view,0.86
V0062,sample_0062.jpg,3,swimming_distress,outdoor,low_light,overhead,0.8
V0063,sample_0063.jpg,2,drowning_passive,outdoor,natural,45_degree,0.8
V0064,sample_0064.jpg,0,normal_swimming,outdoor,artificial,45_degree,0.76
V0065,sample_0065.jpg,3,swimming_distress,outdoor,natural,45_degree,0.87
V0066,sample_0066.jpg,1,drowning_active,outdoor,artificial,side_view,0.83
V0067,sample_0067.jpg,1,drowning_active,indoor,natural,45_degree,0.93
V0068,sample_0068.jpg,3,swimming_distress,outdoor,natural,overhead,0.84
V0069,sample_0069.jpg,3,swimming_distress,indoor,natural,side_view,0.83
V0070,sample_0070.jpg,0,normal_swimming,outdoor,artificial,overhead,0.77
V0071,sample_0071.jpg,1,drowning_active,indoor,low_light,45_degree,0.94
V0072,sample_0072.jpg,0,normal_swimming,outdoor,low_light,overhead,0.77
V0073,sample_0073.jpg,3,swimming_distress,indoor,low_light,side_view,0.94
V0074,sample_0074.jpg,3,swimming_distress,indoor,natural,side_view,0.78
V0075,sample_0075.jpg,0,normal_swimming,indoor,low_light,overhead,0.77
V0076,sample_0076.jpg,0,normal_swimming,outdoor,natural,45_degree,0.9
V0077,sample_0077.jpg,0,normal_swimming,outdoor,low_light,side_view,0.86
V0078,sample_0078.jpg,0,normal_swimming,indoor,low_light,45_degree,0.85
V0079,sample_0079.jpg,2,drowning_passive,indoor,low_light,side_view,0.77
V0080,sample_0080.jpg,2,drowning_passive,indoor,artificial,side_view,0.9
V0081,sample_0081.jpg,0,normal_swimming,outdoor,low_light,overhead,0.84
V0082,sample_0082.jpg,1,drowning_active,outdoor,low_light,45_degree,0.93
V0083,sample_0083.jpg,3,swimming_distress,indoor,low_light,overhead,0.85
V0084,sample_0084.jpg,2,drowning_passive,outdoor,artificial,side_view,0.89
V0085,sample_0085.jpg,1,drowning_active,outdoor,artificial,side_view,0.98
V0086,sample_0086.jpg,3,swimming_distress,indoor,low_light,45_degree,0.75
V0087,sample_0087.jpg,1,drowning_active,indoor,artificial,45_degree,0.83
V0088,sample_0088.jpg,0,normal_swimming,indoor,natural,side_view,0.87
V0089,sample_0089.jpg,1,drowning_active,outdoor,low_light,45_degree,0.92
V0090,sample_0090.jpg,3,swimming_distress,indoor,natural,overhead,0.88
V0091,sample_0091.jpg,3,swimming_distress,indoor,low_light,overhead,0.88
V0092,sample_0092.jpg,1,drowning_active,outdoor,artificial,side_view,0.83
V0093,sample_0093.jpg,2,drowning_passive,outdoor,low_light,side_view,0.99
V0094,sample_0094.jpg,2,drowning_passive,indoor,low_light,45_degree,0.92
V0095,sample_0095.jpg,3,swimming_distress,indoor,artificial,side_view,0.79
V0096,sample_0096.jpg,0,normal_swimming,indoor,low_light,side_view,0.78
V0097,sample_0097.jpg,2,drowning_passive,indoor,natural,overhead,0.96
V0098,sample_0098.jpg,1,drowning_active,indoor,artificial,45_degree,0.81
V0099,sample_0099.jpg,1,drowning_active,outdoor,natural,overhead,0.9
V0100,sample_0100.jpg,2,drowning_passive,indoor,low_light,side_view,0.9
V0101,sample_0101.jpg,2,drowning_passive,outdoor,natural,side_view,0.97
V0102,sample_0102.jpg,0,normal_swimming,outdoor,low_light,overhead,0.95
V0103,sample_0103.jpg,3,swimming_distress,outdoor,natural,overhead,0.78
V0104,sample_0104.jpg,0,normal_swimming,indoor,natural,45_degree,0.82
V0105,sample_0105.jpg,3,swimming_distress,outdoor,artificial,overhead,0.79
V0106,sample_0106.jpg,3,swimming_distress,indoor,artificial,side_view,0.93
V0107,sample_0107.jpg,1,drowning_active,indoor,low_light,side_view,0.95
V0108,sample_0108.jpg,1,drowning_active,indoor,natural,overhead,0.89
V0109,sample_0109.jpg,0,normal_swimming,indoor,artificial,45_degree,0.81
V0110,sample_0110.jpg,3,swimming_distress,outdoor,artificial,overhead,0.86
V0111,sample_0111.jpg,2,drowning_passive,indoor,natural,45_degree,0.88
V0112,sample_0112.jpg,1,drowning_active,outdoor,artificial,side_view,0.92
V0113,sample_0113.jpg,3,swimming_distress,indoor,low_light,side_view,0.84
V0114,sample_0114.jpg,2,drowning_passive,indoor,artificial,45_degree,0.94
V0115,sample_0115.jpg,3,swimming_distress,outdoor,natural,45_degree,0.81
V0116,sample_0116.jpg,1,drowning_active,outdoor,artificial,side_view,0.83
V0117,sample_0117.jpg,2,drowning_passive,indoor,artificial,side_view,0.98
V0118,sample_0118.jpg,2,drowning_passive,indoor,artificial,side_view,0.94
V0119,sample_0119.jpg,1,drowning_active,indoor,artificial,45_degree,0.9
V0120,sample_0120.jpg,3,swimming_distress,indoor,low_light,side_view,0.85
V0121,sample_0121.jpg,1,drowning_active,outdoor,low_light,side_view,0.85
V0122,sample_0122.jpg,2,drowning_passive,indoor,artificial,45_degree,0.81
V0123,sample_0123.jpg,2,drowning_passive,indoor,artificial,overhead,0.87
V0124,sample_0124.jpg,2,drowning_passive,indoor,low_light,side_view,0.9
V0125,sample_0125.jpg,1,drowning_active,indoor,artificial,side_view,0.8
V0126,sample_0126.jpg,3,swimming_distress,outdoor,natural,side_view,0.93
V0127,sample_0127.jpg,3,swimming_distress,outdoor,natural,overhead,0.89
V0128,sample_0128.jpg,0,normal_swimming,indoor,low_light,side_view,0.79
V0129,sample_0129.jpg,2,drowning_passive,indoor,low_light,side_view,0.87
V0130,sample_0130.jpg,1,drowning_active,outdoor,artificial,45_degree,0.75
V0131,sample_0131.jpg,3,swimming_distress,indoor,artificial,overhead,0.76
V0132,sample_0132.jpg,1,drowning_active,indoor,natural,45_degree,0.79
V0133,sample_0133.jpg,2,drowning_passive,indoor,low_light,overhead,0.94
V0134,sample_0134.jpg,1,drowning_active,indoor,artificial,overhead,0.84
V0135,sample_0135.jpg,0,normal_swimming,indoor,low_light,overhead,0.8
V0136,sample_0136.jpg,3,swimming_distress,outdoor,natural,side_view,0.89
V0137,sample_0137.jpg,0,normal_swimming,outdoor,artificial,45_degree,0.87
V0138,sample_0138.jpg,1,drowning_active,indoor,natural,overhead,0.95
V0139,sample_0139.jpg,0,normal_swimming,outdoor,low_light,side_view,0.89
V0140,sample_0140.jpg,2,drowning_passive,indoor,natural,overhead,0.88
V0141,sample_0141.jpg,2,drowning_passive,outdoor,artificial,side_view,0.91
V0142,sample_0142.jpg,1,drowning_active,outdoor,natural,side_view,0.84
V0143,sample_0143.jpg,1,drowning_active,indoor,low_light,side_view,0.75
V0144,sample_0144.jpg,1,drowning_active,indoor,artificial,overhead,0.83
V0145,sample_0145.jpg,1,drowning_active,indoor,artificial,overhead,0.99
V0146,sample_0146.jpg,0,normal_swimming,outdoor,natural,45_degree,0.83
V0147,sample_0147.jpg,2,drowning_passive,outdoor,low_light,overhead,0.99
V0148,sample_0148.jpg,3,swimming_distress,indoor,artificial,45_degree,0.84
V0149,sample_0149.jpg,1,drowning_active,indoor,artificial,overhead,0.76
V0150,sample_0150.jpg,2,drowning_passive,outdoor,low_light,overhead,0.89
V0151,sample_0151.jpg,3,swimming_distress,outdoor,low_light,side_view,0.83
V0152,sample_0152.jpg,2,drowning_passive,indoor,natural,overhead,0.9
V0153,sample_0153.jpg,1,drowning_active,indoor,artificial,45_degree,0.96
V0154,sample_0154.jpg,1,drowning_active,outdoor,low_light,side_view,0.86
V0155,sample_0155.jpg,1,drowning_active,indoor,low_light,overhead,0.84
V0156,sample_0156.jpg,3,swimming_distress,outdoor,artificial,overhead,0.79
V0157,sample_0157.jpg,3,swimming_distress,indoor,low_light,overhead,0.91
V0158,sample_0158.jpg,0,normal_swimming,indoor,natural,45_degree,0.77
V0159,sample_0159.jpg,1,drowning_active,outdoor,natural,45_degree,0.94
V0160,sample_0160.jpg,2,drowning_passive,indoor,natural,side_view,0.88
V0161,sample_0161.jpg,2,drowning_passive,outdoor,low_light,45_degree,0.95
V0162,sample_0162.jpg,3,swimming_distress,outdoor,low_light,side_view,0.76
V0163,sample_0163.jpg,1,drowning_active,indoor,artificial,45_degree,0.96
V0164,sample_0164.jpg,0,normal_swimming,indoor,artificial,45_degree,0.96
V0165,sample_0165.jpg,1,drowning_active,indoor,low_light,45_degree,0.81
V0166,sample_0166.jpg,3,swimming_distress,outdoor,natural,side_view,0.81
V0167,sample_0167.jpg,1,drowning_active,outdoor,low_light,side_view,0.86
V0168,sample_0168.jpg,3,swimming_distress,outdoor,low_light,side_view,0.83
V0169,sample_0169.jpg,1,drowning_active,outdoor,low_light,45_degree,0.85
V0170,sample_0170.jpg,0,normal_swimming,outdoor,artificial,side_view,0.93
V0171,sample_0171.jpg,0,normal_swimming,indoor,low_light,45_degree,0.88
V0172,sample_0172.jpg,3,swimming_distress,indoor,artificial,side_view,0.93
V0173,sample_0173.jpg,3,swimming_distress,indoor,natural,overhead,0.87
V0174,sample_0174.jpg,2,drowning_passive,indoor,low_light,overhead,0.96
V0175,sample_0175.jpg,1,drowning_active,outdoor,low_light,45_degree,0.88
V0176,sample_0176.jpg,2,drowning_passive,outdoor,natural,45_degree,0.81
V0177,sample_0177.jpg,2,drowning_passive,indoor,artificial,side_view,0.87
V0178,sample_0178.jpg,2,drowning_passive,outdoor,low_light,overhead,0.77
V0179,sample_0179.jpg,2,drowning_passive,indoor,low_light,side_view,0.96
V0180,sample_0180.jpg,1,drowning_active,indoor,natural,side_view,0.97
V0181,sample_0181.jpg,0,normal_swimming,outdoor,natural,side_view,0.95
V0182,sample_0182.jpg,0,normal_swimming,outdoor,low_light,overhead,0.92
V0183,sample_0183.jpg,1,drowning_active,indoor,low_light,45_degree,0.87
V0184,sample_0184.jpg,2,drowning_passive,outdoor,artificial,45_degree,0.86
V0185,sample_0185.jpg,0,normal_swimming,indoor,natural,overhead,0.77
V0186,sample_0186.jpg,3,swimming_distress,indoor,low_light,side_view,0.97
V0187,sample_0187.jpg,3,swimming_distress,indoor,natural,side_view,0.76
V0188,sample_0188.jpg,2,drowning_passive,indoor,artificial,side_view,0.86
V0189,sample_0189.jpg,3,swimming_distress,indoor,natural,side_view,0.78
V0190,sample_0190.jpg,1,drowning_active,indoor,low_light,45_degree,0.87
V0191,sample_0191.jpg,0,normal_swimming,indoor,low_light,overhead,0.76
V0192,sample_0192.jpg,3,swimming_distress,indoor,artificial,45_degree,0.85
V0193,sample_0193.jpg,3,swimming_distress,indoor,low_light,side_view,0.8
V0194,sample_0194.jpg,3,swimming_distress,outdoor,artificial,side_view,0.95
V0195,sample_0195.jpg,0,normal_swimming,outdoor,natural,45_degree,0.95
V0196,sample_0196.jpg,1,drowning_active,indoor,natural,45_degree,0.85
V0197,sample_0197.jpg,1,drowning_active,indoor,artificial,side_view,0.92
V0198,sample_0198.jpg,2,drowning_passive,indoor,artificial,overhead,0.93
V0199,sample_0199.jpg,3,swimming_distress,indoor,low_light,side_view,0.94
V0200,sample_0200.jpg,0,normal_swimming,outdoor,natural,side_view,0.76
V0201,sample_0201.jpg,2,drowning_passive,indoor,natural,overhead,0.82
V0202,sample_0202.jpg,3,swimming_distress,indoor,artificial,45_degree,0.84
V0203,sample_0203.jpg,2,drowning_passive,outdoor,natural,overhead,0.88
V0204,sample_0204.jpg,0,normal_swimming,indoor,artificial,overhead,0.81
V0205,sample_0205.jpg,0,normal_swimming,indoor,artificial,overhead,0.77
V0206,sample_0206.jpg,2,drowning_passive,outdoor,natural,overhead,0.82
V0207,sample_0207.jpg,2,drowning_passive,indoor,natural,side_view,0.98
V0208,sample_0208.jpg,0,normal_swimming,outdoor,artificial,overhead,0.96
V0209,sample_0209.jpg,1,drowning_active,outdoor,natural,45_degree,0.91
V0210,sample_0210.jpg,2,drowning_passive,outdoor,low_light,45_degree,0.76
V0211,sample_0211.jpg,3,swimming_distress,outdoor,natural,overhead,0.76
V0212,sample_0212.jpg,1,drowning_active,outdoor,natural,overhead,0.95
V0213,sample_0213.jpg,0,normal_swimming,indoor,artificial,overhead,0.97
V0214,sample_0214.jpg,2,drowning_passive,outdoor,low_light,overhead,0.88
V0215,sample_0215.jpg,0,normal_swimming,outdoor,natural,45_degree,0.85
V0216,sample_0216.jpg,0,normal_swimming,indoor,artificial,45_degree,0.75
V0217,sample_0217.jpg,2,drowning_passive,outdoor,artificial,side_view,0.88
V0218,sample_0218.jpg,3,swimming_distress,indoor,artificial,side_view,0.96
V0219,sample_0219.jpg,3,swimming_distress,indoor,low_light,45_degree,0.96
V0220,sample_0220.jpg,0,normal_swimming,indoor,low_light,overhead,0.92
V0221,sample_0221.jpg,0,normal_swimming,outdoor,low_light,side_view,0.93
V0222,sample_0222.jpg,1,drowning_active,outdoor,low_light,side_view,0.91
V0223,sample_0223.jpg,1,drowning_active,indoor,artificial,overhead,0.8
V0224,sample_0224.jpg,0,normal_swimming,outdoor,natural,45_degree,0.99
V0225,sample_0225.jpg,3,swimming_distress,outdoor,natural,side_view,0.84
V0226,sample_0226.jpg,1,drowning_active,indoor,natural,45_degree,0.8
V0227,sample_0227.jpg,2,drowning_passive,indoor,natural,45_degree,0.92
V0228,sample_0228.jpg,0,normal_swimming,indoor,low_light,overhead,0.84
V0229,sample_0229.jpg,1,drowning_active,indoor,natural,side_view,0.96
V0230,sample_0230.jpg,0,normal_swimming,outdoor,artificial,45_degree,0.92
V0231,sample_0231.jpg,2,drowning_passive,indoor,natural,side_view,0.82
V0232,sample_0232.jpg,3,swimming_distress,indoor,natural,45_degree,0.96
V0233,sample_0233.jpg,1,drowning_active,outdoor,low_light,45_degree,0.84
V0234,sample_0234.jpg,3,swimming_distress,indoor,artificial,45_degree,0.87
V0235,sample_0235.jpg,3,swimming_distress,indoor,low_light,overhead,0.85
V0236,sample_0236.jpg,2,drowning_passive,indoor,artificial,side_view,0.8
V0237,sample_0237.jpg,2,drowning_passive,outdoor,low_light,side_view,0.96
V0238,sample_0238.jpg,0,normal_swimming,indoor,artificial,45_degree,0.93
V0239,sample_0239.jpg,2,drowning_passive,indoor,low_light,side_view,0.83
V0240,sample_0240.jpg,3,swimming_distress,indoor,low_light,45_degree,0.75
V0241,sample_0241.jpg,1,drowning_active,outdoor,natural,side_view,0.79
V0242,sample_0242.jpg,2,drowning_passive,indoor,low_light,side_view,0.8
V0243,sample_0243.jpg,3,swimming_distress,indoor,artificial,overhead,0.8
V0244,sample_0244.jpg,2,drowning_passive,indoor,natural,overhead,0.81
V0245,sample_0245.jpg,3,swimming_distress,indoor,low_light,side_view,0.84
V0246,sample_0246.jpg,0,normal_swimming,indoor,artificial,overhead,0.79
V0247,sample_0247.jpg,0,normal_swimming,indoor,natural,overhead,0.87
V0248,sample_0248.jpg,2,drowning_passive,indoor,low_light,side_view,0.83
V0249,sample_0249.jpg,0,normal_swimming,outdoor,natural,side_view,0.94
V0250,sample_0250.jpg,1,drowning_active,indoor,low_light,side_view,0.97
V0251,sample_0251.jpg,1,drowning_active,indoor,natural,overhead,0.8
V0252,sample_0252.jpg,1,drowning_active,outdoor,natural,side_view,0.92
V0253,sample_0253.jpg,3,swimming_distress,outdoor,natural,45_degree,0.89
V0254,sample_0254.jpg,2,drowning_passive,outdoor,natural,overhead,0.95
V0255,sample_0255.jpg,1,drowning_active,outdoor,artificial,side_view,0.84
V0256,sample_0256.jpg,2,drowning_passive,indoor,artificial,overhead,0.86
V0257,sample_0257.jpg,1,drowning_active,outdoor,low_light,45_degree,0.91
V0258,sample_0258.jpg,3,swimming_distress,outdoor,low_light,45_degree,0.8
V0259,sample_0259.jpg,3,swimming_distress,indoor,artificial,45_degree,0.78
V0260,sample_0260.jpg,3,swimming_distress,outdoor,low_light,overhead,0.82
V0261,sample_0261.jpg,1,drowning_active,indoor,natural,overhead,0.94
V0262,sample_0262.jpg,3,swimming_distress,outdoor,low_light,overhead,0.76
V0263,sample_0263.jpg,1,drowning_active,outdoor,natural,side_view,0.81
V0264,sample_0264.jpg,1,drowning_active,outdoor,artificial,overhead,0.81
V0265,sample_0265.jpg,1,drowning_active,indoor,low_light,45_degree,0.81
V0266,sample_0266.jpg,1,drowning_active,indoor,artificial,45_degree,0.75
V0267,sample_0267.jpg,0,normal_swimming,indoor,artificial,45_degree,0.97
V0268,sample_0268.jpg,0,normal_swimming,indoor,natural,45_degree,0.93
V0269,sample_0269.jpg,1,drowning_active,indoor,natural,side_view,0.88
V0270,sample_0270.jpg,2,drowning_passive,indoor,natural,45_degree,0.87
V0271,sample_0271.jpg,1,drowning_active,indoor,natural,45_degree,0.87
V0272,sample_0272.jpg,3,swimming_distress,outdoor,low_light,side_view,0.85
V0273,sample_0273.jpg,3,swimming_distress,indoor,artificial,overhead,0.91
V0274,sample_0274.jpg,2,drowning_passive,outdoor,low_light,side_view,0.82
V0275,sample_0275.jpg,2,drowning_passive,indoor,low_light,45_degree,0.84
V0276,sample_0276.jpg,3,swimming_distress,outdoor,natural,45_degree,0.86
V0277,sample_0277.jpg,3,swimming_distress,outdoor,natural,overhead,0.84
V0278,sample_0278.jpg,2,drowning_passive,outdoor,natural,overhead,0.92
V0279,sample_0279.jpg,0,normal_swimming,outdoor,low_light,45_degree,0.8
V0280,sample_0280.jpg,1,drowning_active,indoor,low_light,overhead,0.96
V0281,sample_0281.jpg,2,drowning_passive,outdoor,natural,overhead,0.95
V0282,sample_0282.jpg,1,drowning_active,outdoor,low_light,45_degree,0.87
V0283,sample_0283.jpg,1,drowning_active,indoor,artificial,overhead,0.85
V0284,sample_0284.jpg,0,normal_swimming,indoor,natural,side_view,0.84
V0285,sample_0285.jpg,0,normal_swimming,outdoor,artificial,overhead,0.94
V0286,sample_0286.jpg,2,drowning_passive,indoor,natural,45_degree,0.79
V0287,sample_0287.jpg,0,normal_swimming,outdoor,natural,45_degree,0.91
V0288,sample_0288.jpg,1,drowning_active,outdoor,natural,side_view,0.95
V0289,sample_0289.jpg,2,drowning_passive,indoor,natural,overhead,0.97
V0290,sample_0290.jpg,0,normal_swimming,outdoor,natural,overhead,0.76
V0291,sample_0291.jpg,0,normal_swimming,outdoor,natural,side_view,0.77
V0292,sample_0292.jpg,0,normal_swimming,indoor,low_light,side_view,0.77
V0293,sample_0293.jpg,3,swimming_distress,outdoor,low_light,side_view,0.94
V0294,sample_0294.jpg,2,drowning_passive,indoor,natural,overhead,0.79
V0295,sample_0295.jpg,0,normal_swimming,outdoor,artificial,45_degree,0.88
V0296,sample_0296.jpg,3,swimming_distress,outdoor,low_light,45_degree,0.78
V0297,sample_0297.jpg,2,drowning_passive,indoor,artificial,side_view,0.9
V0298,sample_0298.jpg,3,swimming_distress,outdoor,natural,45_degree,0.86
V0299,sample_0299.jpg,3,swimming_distress,indoor,natural,overhead,0.81
V0300,sample_0300.jpg,3,swimming_distress,outdoor,natural,45_degree,0.87
V0301,sample_0301.jpg,3,swimming_distress,outdoor,natural,45_degree,0.96
V0302,sample_0302.jpg,1,drowning_active,outdoor,artificial,overhead,0.9
V0303,sample_0303.jpg,3,swimming_distress,outdoor,low_light,overhead,0.94
V0304,sample_0304.jpg,2,drowning_passive,outdoor,artificial,45_degree,0.89
V0305,sample_0305.jpg,3,swimming_distress,indoor,natural,overhead,0.81
V0306,sample_0306.jpg,3,swimming_distress,outdoor,natural,overhead,0.93
V0307,sample_0307.jpg,1,drowning_active,indoor,natural,side_view,0.75
V0308,sample_0308.jpg,0,normal_swimming,outdoor,natural,45_degree,0.88
V0309,sample_0309.jpg,0,normal_swimming,indoor,artificial,45_degree,0.8
V0310,sample_0310.jpg,2,drowning_passive,indoor,natural,45_degree,0.86
V0311,sample_0311.jpg,1,drowning_active,outdoor,natural,overhead,0.79
V0312,sample_0312.jpg,0,normal_swimming,indoor,artificial,45_degree,0.82
V0313,sample_0313.jpg,2,drowning_passive,outdoor,artificial,side_view,0.79
V0314,sample_0314.jpg,1,drowning_active,indoor,artificial,side_view,0.8
V0315,sample_0315.jpg,0,normal_swimming,outdoor,natural,overhead,0.9
V0316,sample_0316.jpg,1,drowning_active,indoor,artificial,side_view,0.84
V0317,sample_0317.jpg,1,drowning_active,indoor,artificial,45_degree,0.79
V0318,sample_0318.jpg,2,drowning_passive,indoor,low_light,45_degree,0.94
V0319,sample_0319.jpg,3,swimming_distress,indoor,artificial,45_degree,0.98
V0320,sample_0320.jpg,2,drowning_passive,outdoor,natural,45_degree,0.98
V0321,sample_0321.jpg,0,normal_swimming,outdoor,artificial,overhead,0.77
V0322,sample_0322.jpg,0,normal_swimming,outdoor,natural,45_degree,0.81
V0323,sample_0323.jpg,1,drowning_active,outdoor,low_light,side_view,0.75
V0324,sample_0324.jpg,3,swimming_distress,indoor,natural,side_view,0.94
V0325,sample_0325.jpg,0,normal_swimming,outdoor,low_light,overhead,0.79
V0326,sample_0326.jpg,1,drowning_active,outdoor,artificial,overhead,0.98
V0327,sample_0327.jpg,1,drowning_active,indoor,artificial,45_degree,0.78
V0328,sample_0328.jpg,2,drowning_passive,outdoor,natural,45_degree,0.9
V0329,sample_0329.jpg,0,normal_swimming,outdoor,artificial,45_degree,0.79
V0330,sample_0330.jpg,0,normal_swimming,outdoor,natural,side_view,0.99
V0331,sample_0331.jpg,2,drowning_passive,outdoor,low_light,side_view,0.94
V0332,sample_0332.jpg,0,normal_swimming,indoor,artificial,45_degree,0.86
V0333,sample_0333.jpg,2,drowning_passive,outdoor,artificial,side_view,0.8
V0334,sample_0334.jpg,2,drowning_passive,indoor,low_light,45_degree,0.84
V0335,sample_0335.jpg,2,drowning_passive,indoor,low_light,overhead,0.88
V0336,sample_0336.jpg,0,normal_swimming,outdoor,natural,45_degree,0.75
V0337,sample_0337.jpg,3,swimming_distress,indoor,artificial,overhead,0.8
V0338,sample_0338.jpg,0,normal_swimming,indoor,low_light,side_view,0.84
V0339,sample_0339.jpg,1,drowning_active,outdoor,artificial,overhead,0.91
V0340,sample_0340.jpg,2,drowning_passive,outdoor,artificial,overhead,0.98
V0341,sample_0341.jpg,0,normal_swimming,outdoor,natural,side_view,0.78
V0342,sample_0342.jpg,0,normal_swimming,outdoor,artificial,side_view,0.98
V0343,sample_0343.jpg,2,drowning_passive,outdoor,artificial,45_degree,0.75
V0344,sample_0344.jpg,0,normal_swimming,outdoor,low_light,45_degree,0.92
V0345,sample_0345.jpg,2,drowning_passive,outdoor,low_light,45_degree,0.81
V0346,sample_0346.jpg,0,normal_swimming,indoor,artificial,overhead,0.95
V0347,sample_0347.jpg,2,drowning_passive,indoor,low_light,overhead,0.92
V0348,sample_0348.jpg,2,drowning_passive,outdoor,natural,45_degree,0.76
V0349,sample_0349.jpg,0,normal_swimming,outdoor,artificial,45_degree,0.82
V0350,sample_0350.jpg,2,drowning_passive,outdoor,low_light,overhead,0.84
V0351,sample_0351.jpg,0,normal_swimming,indoor,natural,side_view,0.96
V0352,sample_0352.jpg,2,drowning_passive,outdoor,low_light,45_degree,0.81
V0353,sample_0353.jpg,3,swimming_distress,indoor,low_light,side_view,0.85
V0354,sample_0354.jpg,0,normal_swimming,outdoor,low_light,side_view,0.82
V0355,sample_0355.jpg,2,drowning_passive,indoor,low_light,45_degree,0.82
V0356,sample_0356.jpg,3,swimming_distress,outdoor,low_light,overhead,0.8
V0357,sample_0357.jpg,2,drowning_passive,outdoor,low_light,overhead,0.95
V0358,sample_0358.jpg,0,normal_swimming,indoor,low_light,overhead,0.82
V0359,sample_0359.jpg,2,drowning_passive,outdoor,low_light,45_degree,0.81
V0360,sample_0360.jpg,1,drowning_active,outdoor,artificial,side_view,0.84
V0361,sample_0361.jpg,2,drowning_passive,indoor,low_light,overhead,0.99
V0362,sample_0362.jpg,2,drowning_passive,indoor,natural,overhead,0.78
V0363,sample_0363.jpg,3,swimming_distress,outdoor,natural,side_view,0.89
V0364,sample_0364.jpg,3,swimming_distress,outdoor,artificial,45_degree,0.95
V0365,sample_0365.jpg,0,normal_swimming,outdoor,low_light,overhead,0.82
V0366,sample_0366.jpg,0,normal_swimming,outdoor,artificial,side_view,0.81
V0367,sample_0367.jpg,3,swimming_distress,indoor,artificial,overhead,0.9
V0368,sample_0368.jpg,3,swimming_distress,outdoor,artificial,45_degree,0.75
V0369,sample_0369.jpg,1,drowning_active,outdoor,low_light,overhead,0.93
V0370,sample_0370.jpg,3,swimming_distress,indoor,low_light,45_degree,0.96
V0371,sample_0371.jpg,1,drowning_active,indoor,low_light,45_degree,0.87
V0372,sample_0372.jpg,2,drowning_passive,indoor,natural,side_view,0.9
V0373,sample_0373.jpg,1,drowning_active,outdoor,low_light,overhead,0.75
V0374,sample_0374.jpg,2,drowning_passive,indoor,low_light,overhead,0.87
V0375,sample_0375.jpg,2,drowning_passive,indoor,low_light,side_view,0.84
V0376,sample_0376.jpg,1,drowning_active,outdoor,low_light,45_degree,0.9
V0377,sample_0377.jpg,1,drowning_active,indoor,artificial,45_degree,0.94
V0378,sample_0378.jpg,1,drowning_active,outdoor,low_light,45_degree,0.86
V0379,sample_0379.jpg,3,swimming_distress,indoor,low_light,45_degree,0.92
V0380,sample_0380.jpg,3,swimming_distress,indoor,natural,overhead,0.78
V0381,sample_0381.jpg,0,normal_swimming,outdoor,artificial,overhead,0.82
V0382,sample_0382.jpg,0,normal_swimming,indoor,artificial,overhead,0.94
V0383,sample_0383.jpg,1,drowning_active,outdoor,artificial,45_degree,0.87
V0384,sample_0384.jpg,1,drowning_active,outdoor,low_light,side_view,0.92
V0385,sample_0385.jpg,0,normal_swimming,indoor,natural,side_view,0.82
V0386,sample_0386.jpg,0,normal_swimming,indoor,low_light,overhead,0.79
V0387,sample_0387.jpg,2,drowning_passive,indoor,natural,45_degree,0.77
V0388,sample_0388.jpg,1,drowning_active,outdoor,natural,overhead,0.79
V0389,sample_0389.jpg,3,swimming_distress,indoor,artificial,overhead,0.76
V0390,sample_0390.jpg,3,swimming_distress,outdoor,natural,45_degree,0.96
V0391,sample_0391.jpg,2,drowning_passive,indoor,low_light,side_view,0.91
V0392,sample_0392.jpg,2,drowning_passive,indoor,natural,overhead,0.75
V0393,sample_0393.jpg,2,drowning_passive,outdoor,artificial,side_view,0.8
V0394,sample_0394.jpg,0,normal_swimming,indoor,natural,side_view,0.82
V0395,sample_0395.jpg,1,drowning_active,outdoor,low_light,overhead,0.99
V0396,sample_0396.jpg,3,swimming_distress,indoor,natural,side_view,0.79
V0397,sample_0397.jpg,2,drowning_passive,outdoor,low_light,45_degree,0.87
V0398,sample_0398.jpg,1,drowning_active,outdoor,artificial,45_degree,0.96
V0399,sample_0399.jpg,3,swimming_distress,outdoor,low_light,overhead,0.75
V0400,sample_0400.jpg,2,drowning_passive,outdoor,natural,45_degree,0.78
V0401,sample_0401.jpg,3,swimming_distress,outdoor,low_light,overhead,0.98
V0402,sample_0402.jpg,1,drowning_active,indoor,low_light,45_degree,0.98
V0403,sample_0403.jpg,2,drowning_passive,indoor,low_light,overhead,0.92
V0404,sample_0404.jpg,1,drowning_active,outdoor,artificial,side_view,0.9
V0405,sample_0405.jpg,1,drowning_active,indoor,natural,45_degree,0.95
V0406,sample_0406.jpg,0,normal_swimming,indoor,low_light,45_degree,0.93
V0407,sample_0407.jpg,1,drowning_active,indoor,artificial,overhead,0.96
V0408,sample_0408.jpg,3,swimming_distress,indoor,artificial,45_degree,0.87
V0409,sample_0409.jpg,0,normal_swimming,indoor,artificial,overhead,0.97
V0410,sample_0410.jpg,1,drowning_active,outdoor,natural,45_degree,0.86
V0411,sample_0411.jpg,0,normal_swimming,indoor,natural,45_degree,0.89
V0412,sample_0412.jpg,3,swimming_distress,indoor,natural,overhead,0.92
V0413,sample_0413.jpg,3,swimming_distress,indoor,natural,45_degree,0.91
V0414,sample_0414.jpg,1,drowning_active,outdoor,natural,45_degree,0.79
V0415,sample_0415.jpg,1,drowning_active,indoor,artificial,45_degree,0.76
V0416,sample_0416.jpg,0,normal_swimming,indoor,artificial,side_view,0.86
V0417,sample_0417.jpg,0,normal_swimming,outdoor,natural,45_degree,0.88
V0418,sample_0418.jpg,2,drowning_passive,outdoor,low_light,side_view,0.91
V0419,sample_0419.jpg,1,drowning_active,outdoor,artificial,45_degree,0.99
V0420,sample_0420.jpg,1,drowning_active,indoor,low_light,overhead,0.85
V0421,sample_0421.jpg,0,normal_swimming,indoor,natural,45_degree,0.76
V0422,sample_0422.jpg,3,swimming_distress,outdoor,natural,overhead,0.96
V0423,sample_0423.jpg,2,drowning_passive,indoor,artificial,side_view,0.96
V0424,sample_0424.jpg,1,drowning_active,outdoor,low_light,overhead,0.95
V0425,sample_0425.jpg,2,drowning_passive,outdoor,artificial,side_view,0.93
V0426,sample_0426.jpg,2,drowning_passive,outdoor,artificial,overhead,0.8
V0427,sample_0427.jpg,1,drowning_active,outdoor,artificial,45_degree,0.78
V0428,sample_0428.jpg,1,drowning_active,outdoor,natural,overhead,0.92
V0429,sample_0429.jpg,1,drowning_active,outdoor,artificial,overhead,0.94
V0430,sample_0430.jpg,2,drowning_passive,indoor,low_light,overhead,0.88
V0431,sample_0431.jpg,1,drowning_active,indoor,natural,overhead,0.83
V0432,sample_0432.jpg,3,swimming_distress,outdoor,artificial,45_degree,0.78
V0433,sample_0433.jpg,0,normal_swimming,outdoor,low_light,45_degree,0.85
V0434,sample_0434.jpg,0,normal_swimming,indoor,artificial,45_degree,0.97
V0435,sample_0435.jpg,2,drowning_passive,indoor,natural,side_view,0.88
V0436,sample_0436.jpg,0,normal_swimming,indoor,artificial,side_view,0.85
V0437,sample_0437.jpg,1,drowning_active,outdoor,artificial,45_degree,0.87
V0438,sample_0438.jpg,3,swimming_distress,outdoor,artificial,side_view,0.82
V0439,sample_0439.jpg,2,drowning_passive,indoor,artificial,45_degree,0.93
V0440,sample_0440.jpg,2,drowning_passive,outdoor,low_light,side_view,0.89
V0441,sample_0441.jpg,1,drowning_active,outdoor,artificial,45_degree,0.9
V0442,sample_0442.jpg,0,normal_swimming,indoor,low_light,45_degree,0.91
V0443,sample_0443.jpg,2,drowning_passive,indoor,artificial,45_degree,0.86
V0444,sample_0444.jpg,0,normal_swimming,indoor,natural,overhead,0.81
V0445,sample_0445.jpg,1,drowning_active,indoor,natural,overhead,0.81
V0446,sample_0446.jpg,0,normal_swimming,indoor,low_light,overhead,0.76
V0447,sample_0447.jpg,3,swimming_distress,outdoor,natural,45_degree,0.78
V0448,sample_0448.jpg,0,normal_swimming,indoor,low_light,side_view,0.77
V0449,sample_0449.jpg,0,normal_swimming,indoor,natural,45_degree,0.99
V0450,sample_0450.jpg,2,drowning_passive,outdoor,natural,45_degree,0.82
V0451,sample_0451.jpg,1,drowning_active,outdoor,low_light,side_view,0.85
V0452,sample_0452.jpg,1,drowning_active,outdoor,natural,45_degree,0.85
V0453,sample_0453.jpg,2,drowning_passive,indoor,natural,side_view,0.96
V0454,sample_0454.jpg,0,normal_swimming,indoor,artificial,side_view,0.78
V0455,sample_0455.jpg,0,normal_swimming,outdoor,low_light,side_view,0.93
V0456,sample_0456.jpg,3,swimming_distress,outdoor,low_light,side_view,0.96
V0457,sample_0457.jpg,3,swimming_distress,indoor,low_light,45_degree,0.87
V0458,sample_0458.jpg,1,drowning_active,outdoor,natural,45_degree,0.95
V0459,sample_0459.jpg,1,drowning_active,indoor,artificial,45_degree,0.86
V0460,sample_0460.jpg,3,swimming_distress,indoor,artificial,overhead,0.77
V0461,sample_0461.jpg,2,drowning_passive,outdoor,low_light,45_degree,0.77
V0462,sample_0462.jpg,3,swimming_distress,outdoor,natural,45_degree,0.84
V0463,sample_0463.jpg,1,drowning_active,indoor,natural,45_degree,0.79
V0464,sample_0464.jpg,3,swimming_distress,outdoor,low_light,side_view,0.98
V0465,sample_0465.jpg,3,swimming_distress,indoor,artificial,side_view,0.88
V0466,sample_0466.jpg,3,swimming_distress,outdoor,artificial,side_view,0.77
V0467,sample_0467.jpg,2,drowning_passive,indoor,natural,overhead,0.79
V0468,sample_0468.jpg,2,drowning_passive,outdoor,natural,side_view,0.79
V0469,sample_0469.jpg,0,normal_swimming,indoor,natural,45_degree,0.76
V0470,sample_0470.jpg,3,swimming_distress,indoor,artificial,side_view,0.94
V0471,sample_0471.jpg,1,drowning_active,indoor,artificial,side_view,0.97
V0472,sample_0472.jpg,1,drowning_active,indoor,artificial,overhead,0.91
V0473,sample_0473.jpg,1,drowning_active,indoor,artificial,side_view,0.88
V0474,sample_0474.jpg,2,drowning_passive,outdoor,artificial,side_view,0.94
V0475,sample_0475.jpg,3,swimming_distress,outdoor,natural,45_degree,0.87
V0476,sample_0476.jpg,0,normal_swimming,outdoor,low_light,side_view,0.98
V0477,sample_0477.jpg,1,drowning_active,indoor,low_light,overhead,0.95
V0478,sample_0478.jpg,0,normal_swimming,indoor,artificial,45_degree,0.81
V0479,sample_0479.jpg,2,drowning_passive,indoor,low_light,overhead,0.77
V0480,sample_0480.jpg,3,swimming_distress,indoor,artificial,45_degree,0.79
V0481,sample_0481.jpg,2,drowning_passive,outdoor,low_light,45_degree,0.83
V0482,sample_0482.jpg,3,swimming_distress,outdoor,artificial,overhead,0.83
V0483,sample_0483.jpg,1,drowning_active,indoor,natural,side_view,0.93
V0484,sample_0484.jpg,3,swimming_distress,outdoor,natural,overhead,0.83
V0485,sample_0485.jpg,3,swimming_distress,indoor,low_light,overhead,0.75
V0486,sample_0486.jpg,1,drowning_active,outdoor,artificial,side_view,0.82
V0487,sample_0487.jpg,2,drowning_passive,outdoor,natural,45_degree,0.92
V0488,sample_0488.jpg,3,swimming_distress,indoor,natural,overhead,0.85
V0489,sample_0489.jpg,0,normal_swimming,indoor,low_light,side_view,0.79
V0490,sample_0490.jpg,0,normal_swimming,indoor,artificial,45_degree,0.93
V0491,sample_0491.jpg,0,normal_swimming,indoor,natural,overhead,0.96
V0492,sample_0492.jpg,3,swimming_distress,indoor,artificial,45_degree,0.79
V0493,sample_0493.jpg,2,drowning_passive,indoor,low_light,overhead,0.91
V0494,sample_0494.jpg,2,drowning_passive,indoor,natural,side_view,0.93
V0495,sample_0495.jpg,0,normal_swimming,outdoor,low_light,side_view,0.93
V0496,sample_0496.jpg,3,swimming_distress,outdoor,natural,overhead,0.75
V0497,sample_0497.jpg,0,normal_swimming,indoor,natural,side_view,0.76
V0498,sample_0498.jpg,1,drowning_active,outdoor,artificial,overhead,0.86
V0499,sample_0499.jpg,2,drowning_passive,outdoor,artificial,overhead,0.79
V0500,sample_0500.jpg,2,drowning_passive,outdoor,artificial,overhead,0.79
V0501,sample_0501.jpg,2,drowning_passive,outdoor,low_light,overhead,0.82
V0502,sample_0502.jpg,1,drowning_active,indoor,natural,45_degree,0.95
V0503,sample_0503.jpg,0,normal_swimming,indoor,natural,45_degree,0.76
V0504,sample_0504.jpg,1,drowning_active,outdoor,natural,overhead,0.91
V0505,sample_0505.jpg,3,swimming_distress,indoor,natural,side_view,0.9
V0506,sample_0506.jpg,3,swimming_distress,indoor,artificial,45_degree,0.8
V0507,sample_0507.jpg,0,normal_swimming,outdoor,natural,side_view,0.93
V0508,sample_0508.jpg,0,normal_swimming,indoor,artificial,overhead,0.95
V0509,sample_0509.jpg,2,drowning_passive,indoor,low_light,45_degree,0.75
V0510,sample_0510.jpg,3,swimming_distress,indoor,natural,overhead,0.8
V0511,sample_0511.jpg,1,drowning_active,indoor,low_light,45_degree,0.94
V0512,sample_0512.jpg,1,drowning_active,outdoor,low_light,overhead,0.9
V0513,sample_0513.jpg,2,drowning_passive,indoor,low_light,side_view,0.93
V0514,sample_0514.jpg,1,drowning_active,indoor,natural,45_degree,0.96
V0515,sample_0515.jpg,2,drowning_passive,indoor,natural,overhead,0.9
V0516,sample_0516.jpg,0,normal_swimming,indoor,artificial,side_view,0.76
V0517,sample_0517.jpg,1,drowning_active,indoor,artificial,overhead,0.82
V0518,sample_0518.jpg,1,drowning_active,indoor,artificial,side_view,0.94
V0519,sample_0519.jpg,3,swimming_distress,indoor,natural,45_degree,0.92
V0520,sample_0520.jpg,3,swimming_distress,outdoor,low_light,45_degree,0.75
V0521,sample_0521.jpg,2,drowning_passive,indoor,low_light,overhead,0.86
V0522,sample_0522.jpg,2,drowning_passive,indoor,natural,side_view,0.97
V0523,sample_0523.jpg,1,drowning_active,indoor,natural,overhead,0.9
V0524,sample_0524.jpg,3,swimming_distress,indoor,artificial,45_degree,0.9
V0525,sample_0525.jpg,3,swimming_distress,indoor,artificial,side_view,0.82
V0526,sample_0526.jpg,3,swimming_distress,outdoor,artificial,side_view,0.95
V0527,sample_0527.jpg,0,normal_swimming,outdoor,low_light,side_view,0.87
V0528,sample_0528.jpg,1,drowning_active,outdoor,low_light,overhead,0.87
V0529,sample_0529.jpg,1,drowning_active,outdoor,low_light,side_view,0.9
V0530,sample_0530.jpg,1,drowning_active,indoor,low_light,45_degree,0.87
V0531,sample_0531.jpg,1,drowning_active,indoor,artificial,overhead,0.75
V0532,sample_0532.jpg,0,normal_swimming,outdoor,artificial,45_degree,0.96
V0533,sample_0533.jpg,1,drowning_active,indoor,natural,side_view,0.81
V0534,sample_0534.jpg,3,swimming_distress,indoor,natural,overhead,0.96
V0535,sample_0535.jpg,1,drowning_active,indoor,low_light,side_view,0.86
V0536,sample_0536.jpg,3,swimming_distress,outdoor,low_light,45_degree,0.86
V0537,sample_0537.jpg,3,swimming_distress,indoor,artificial,overhead,0.93
V0538,sample_0538.jpg,3,swimming_distress,outdoor,artificial,45_degree,0.86
V0539,sample_0539.jpg,0,normal_swimming,outdoor,natural,overhead,0.79
V0540,sample_0540.jpg,0,normal_swimming,outdoor,low_light,overhead,0.96
V0541,sample_0541.jpg,3,swimming_distress,indoor,natural,45_degree,0.96
V0542,sample_0542.jpg,0,normal_swimming,indoor,artificial,overhead,0.79
V0543,sample_0543.jpg,2,drowning_passive,indoor,natural,45_degree,0.98
V0544,sample_0544.jpg,0,normal_swimming,indoor,artificial,overhead,0.92
V0545,sample_0545.jpg,3,swimming_distress,indoor,artificial,overhead,0.81
V0546,sample_0546.jpg,3,swimming_distress,indoor,low_light,45_degree,0.87
V0547,sample_0547.jpg,1,drowning_active,indoor,artificial,overhead,0.78
V0548,sample_0548.jpg,2,drowning_passive,indoor,low_light,45_degree,0.82
V0549,sample_0549.jpg,1,drowning_active,indoor,low_light,45_degree,0.82
V0550,sample_0550.jpg,3,swimming_distress,outdoor,artificial,side_view,0.94
V0551,sample_0551.jpg,3,swimming_distress,outdoor,natural,side_view,0.98
V0552,sample_0552.jpg,3,swimming_distress,outdoor,artificial,overhead,0.9
V0553,sample_0553.jpg,0,normal_swimming,outdoor,low_light,overhead,0.93
V0554,sample_0554.jpg,0,normal_swimming,outdoor,artificial,overhead,0.87
V0555,sample_0555.jpg,2,drowning_passive,outdoor,low_light,45_degree,0.78
V0556,sample_0556.jpg,1,drowning_active,indoor,low_light,45_degree,0.82
V0557,sample_0557.jpg,1,drowning_active,outdoor,natural,overhead,0.92
V0558,sample_0558.jpg,1,drowning_active,outdoor,low_light,45_degree,0.82
V0559,sample_0559.jpg,0,normal_swimming,indoor,artificial,45_degree,0.97
V0560,sample_0560.jpg,1,drowning_active,indoor,artificial,45_degree,0.84
V0561,sample_0561.jpg,0,normal_swimming,indoor,natural,overhead,0.96
V0562,sample_0562.jpg,2,drowning_passive,indoor,natural,side_view,0.97
V0563,sample_0563.jpg,1,drowning_active,indoor,artificial,overhead,0.81
V0564,sample_0564.jpg,3,swimming_distress,outdoor,low_light,overhead,0.97
V0565,sample_0565.jpg,0,normal_swimming,indoor,natural,overhead,0.97
V0566,sample_0566.jpg,2,drowning_passive,indoor,low_light,side_view,0.9
V0567,sample_0567.jpg,2,drowning_passive,outdoor,natural,side_view,0.97
V0568,sample_0568.jpg,3,swimming_distress,outdoor,low_light,45_degree,0.91
V0569,sample_0569.jpg,3,swimming_distress,outdoor,artificial,45_degree,0.77
V0570,sample_0570.jpg,0,normal_swimming,indoor,artificial,overhead,0.9
V0571,sample_0571.jpg,2,drowning_passive,indoor,natural,side_view,0.92
V0572,sample_0572.jpg,0,normal_swimming,indoor,low_light,side_view,0.97
V0573,sample_0573.jpg,1,drowning_active,indoor,artificial,side_view,0.78
V0574,sample_0574.jpg,1,drowning_active,outdoor,artificial,45_degree,0.98
V0575,sample_0575.jpg,2,drowning_passive,outdoor,low_light,overhead,0.94
V0576,sample_0576.jpg,2,drowning_passive,outdoor,natural,side_view,0.79
V0577,sample_0577.jpg,3,swimming_distress,indoor,artificial,45_degree,0.9
V0578,sample_0578.jpg,3,swimming_distress,indoor,natural,side_view,0.78
V0579,sample_0579.jpg,0,normal_swimming,outdoor,artificial,overhead,0.81
V0580,sample_0580.jpg,0,normal_swimming,indoor,low_light,overhead,0.97
V0581,sample_0581.jpg,0,normal_swimming,indoor,natural,overhead,0.85
V0582,sample_0582.jpg,1,drowning_active,indoor,natural,side_view,0.86
V0583,sample_0583.jpg,3,swimming_distress,indoor,artificial,45_degree,0.93
V0584,sample_0584.jpg,3,swimming_distress,outdoor,natural,45_degree,0.96
V0585,sample_0585.jpg,3,swimming_distress,indoor,natural,side_view,0.9
V0586,sample_0586.jpg,3,swimming_distress,indoor,natural,side_view,0.85
V0587,sample_0587.jpg,3,swimming_distress,indoor,artificial,45_degree,0.9
V0588,sample_0588.jpg,2,drowning_passive,indoor,low_light,overhead,0.8
V0589,sample_0589.jpg,2,drowning_passive,outdoor,low_light,45_degree,0.93
V0590,sample_0590.jpg,3,swimming_distress,outdoor,natural,side_view,0.88
V0591,sample_0591.jpg,3,swimming_distress,outdoor,natural,45_degree,0.76
V0592,sample_0592.jpg,1,drowning_active,indoor,artificial,45_degree,0.91
V0593,sample_0593.jpg,2,drowning_passive,indoor,natural,side_view,0.83
V0594,sample_0594.jpg,0,normal_swimming,outdoor,low_light,overhead,0.76
V0595,sample_0595.jpg,1,drowning_active,indoor,natural,45_degree,0.87
V0596,sample_0596.jpg,2,drowning_passive,indoor,natural,overhead,0.92
V0597,sample_0597.jpg,2,drowning_passive,indoor,natural,45_degree,0.98
V0598,sample_0598.jpg,2,drowning_passive,outdoor,natural,side_view,0.91
V0599,sample_0599.jpg,0,normal_swimming,indoor,low_light,overhead,0.84
V0600,sample_0600.jpg,0,normal_swimming,outdoor,low_light,overhead,0.95
V0601,sample_0601.jpg,1,drowning_active,outdoor,low_light,overhead,0.93
V0602,sample_0602.jpg,0,normal_swimming,outdoor,artificial,side_view,0.77
V0603,sample_0603.jpg,2,drowning_passive,indoor,low_light,side_view,0.94
V0604,sample_0604.jpg,0,normal_swimming,indoor,artificial,45_degree,0.87
V0605,sample_0605.jpg,2,drowning_passive,outdoor,artificial,side_view,0.99
V0606,sample_0606.jpg,1,drowning_active,indoor,low_light,overhead,0.81
V0607,sample_0607.jpg,0,normal_swimming,indoor,artificial,45_degree,0.78
V0608,sample_0608.jpg,0,normal_swimming,indoor,artificial,45_degree,0.85
V0609,sample_0609.jpg,3,swimming_distress,outdoor,natural,overhead,0.77
V0610,sample_0610.jpg,2,drowning_passive,outdoor,low_light,45_degree,0.76
V0611,sample_0611.jpg,3,swimming_distress,indoor,low_light,45_degree,0.83
V0612,sample_0612.jpg,2,drowning_passive,indoor,artificial,side_view,0.85
V0613,sample_0613.jpg,2,drowning_passive,indoor,artificial,45_degree,0.95
V0614,sample_0614.jpg,0,normal_swimming,outdoor,artificial,45_degree,0.92
V0615,sample_0615.jpg,0,normal_swimming,indoor,low_light,side_view,0.83
V0616,sample_0616.jpg,2,drowning_passive,outdoor,natural,overhead,0.79
V0617,sample_0617.jpg,1,drowning_active,outdoor,artificial,overhead,0.8
V0618,sample_0618.jpg,1,drowning_active,outdoor,artificial,side_view,0.75
V0619,sample_0619.jpg,0,normal_swimming,indoor,natural,overhead,0.8
V0620,sample_0620.jpg,2,drowning_passive,indoor,natural,side_view,0.92
V0621,sample_0621.jpg,3,swimming_distress,outdoor,low_light,45_degree,0.77
V0622,sample_0622.jpg,3,swimming_distress,indoor,artificial,side_view,0.83
V0623,sample_0623.jpg,1,drowning_active,indoor,natural,side_view,0.99
V0624,sample_0624.jpg,1,drowning_active,outdoor,low_light,side_view,0.78
V0625,sample_0625.jpg,2,drowning_passive,indoor,natural,45_degree,0.99
V0626,sample_0626.jpg,3,swimming_distress,outdoor,low_light,45_degree,0.8
V0627,sample_0627.jpg,1,drowning_active,indoor,low_light,overhead,0.75
V0628,sample_0628.jpg,3,swimming_distress,indoor,natural,45_degree,0.8
V0629,sample_0629.jpg,3,swimming_distress,outdoor,artificial,45_degree,0.77
V0630,sample_0630.jpg,0,normal_swimming,indoor,natural,side_view,0.97
V0631,sample_0631.jpg,1,drowning_active,outdoor,low_light,overhead,0.91
V0632,sample_0632.jpg,3,swimming_distress,outdoor,artificial,side_view,0.94
V0633,sample_0633.jpg,3,swimming_distress,indoor,low_light,45_degree,0.82
V0634,sample_0634.jpg,0,normal_swimming,indoor,artificial,side_view,0.95
V0635,sample_0635.jpg,2,drowning_passive,indoor,artificial,overhead,0.79
V0636,sample_0636.jpg,2,drowning_passive,outdoor,natural,side_view,0.93
V0637,sample_0637.jpg,2,drowning_passive,outdoor,natural,45_degree,0.88
V0638,sample_0638.jpg,1,drowning_active,indoor,low_light,side_view,0.83
V0639,sample_0639.jpg,3,swimming_distress,indoor,natural,45_degree,0.79
V0640,sample_0640.jpg,0,normal_swimming,indoor,natural,side_view,0.78
V0641,sample_0641.jpg,0,normal_swimming,indoor,natural,overhead,0.93
V0642,sample_0642.jpg,3,swimming_distress,outdoor,low_light,overhead,0.94
V0643,sample_0643.jpg,3,swimming_distress,indoor,artificial,overhead,0.76
V0644,sample_0644.jpg,2,drowning_passive,indoor,natural,overhead,0.94
V0645,sample_0645.jpg,3,swimming_distress,outdoor,low_light,overhead,0.88
V0646,sample_0646.jpg,2,drowning_passive,outdoor,natural,overhead,0.78
V0647,sample_0647.jpg,1,drowning_active,outdoor,natural,overhead,0.91
V0648,sample_0648.jpg,3,swimming_distress,outdoor,natural,side_view,0.84
V0649,sample_0649.jpg,0,normal_swimming,indoor,artificial,45_degree,0.76
V0650,sample_0650.jpg,0,normal_swimming,outdoor,low_light,side_view,0.83
V0651,sample_0651.jpg,0,normal_swimming,indoor,artificial,side_view,0.98
V0652,sample_0652.jpg,3,swimming_distress,indoor,low_light,overhead,0.78
V0653,sample_0653.jpg,1,drowning_active,outdoor,low_light,overhead,0.92
V0654,sample_0654.jpg,1,drowning_active,outdoor,natural,45_degree,0.9
V0655,sample_0655.jpg,3,swimming_distress,outdoor,low_light,side_view,0.79
V0656,sample_0656.jpg,2,drowning_passive,outdoor,natural,45_degree,0.95
V0657,sample_0657.jpg,1,drowning_active,indoor,low_light,45_degree,0.85
V0658,sample_0658.jpg,0,normal_swimming,indoor,natural,side_view,0.79
V0659,sample_0659.jpg,3,swimming_distress,indoor,artificial,45_degree,0.89
V0660,sample_0660.jpg,0,normal_swimming,outdoor,natural,45_degree,0.84
V0661,sample_0661.jpg,3,swimming_distress,outdoor,natural,45_degree,0.96
V0662,sample_0662.jpg,3,swimming_distress,indoor,artificial,45_degree,0.96
V0663,sample_0663.jpg,0,normal_swimming,indoor,artificial,side_view,0.78
V0664,sample_0664.jpg,0,normal_swimming,indoor,low_light,overhead,0.94
V0665,sample_0665.jpg,1,drowning_active,indoor,artificial,side_view,0.78
V0666,sample_0666.jpg,1,drowning_active,outdoor,natural,side_view,0.75
V0667,sample_0667.jpg,1,drowning_active,outdoor,natural,overhead,0.89
V0668,sample_0668.jpg,3,swimming_distress,outdoor,artificial,45_degree,0.88
V0669,sample_0669.jpg,0,normal_swimming,outdoor,artificial,overhead,0.95
V0670,sample_0670.jpg,1,drowning_active,indoor,natural,side_view,0.76
V0671,sample_0671.jpg,1,drowning_active,indoor,artificial,overhead,0.99
V0672,sample_0672.jpg,1,drowning_active,indoor,natural,45_degree,0.9
V0673,sample_0673.jpg,3,swimming_distress,outdoor,natural,overhead,0.84
V0674,sample_0674.jpg,3,swimming_distress,outdoor,natural,45_degree,0.8
V0675,sample_0675.jpg,2,drowning_passive,outdoor,natural,overhead,0.88
V0676,sample_0676.jpg,3,swimming_distress,indoor,natural,45_degree,0.79
V0677,sample_0677.jpg,3,swimming_distress,outdoor,low_light,overhead,0.89
V0678,sample_0678.jpg,0,normal_swimming,indoor,low_light,overhead,0.83
V0679,sample_0679.jpg,1,drowning_active,indoor,natural,overhead,0.86
V0680,sample_0680.jpg,2,drowning_passive,outdoor,artificial,overhead,0.87
V0681,sample_0681.jpg,3,swimming_distress,outdoor,natural,overhead,0.95
V0682,sample_0682.jpg,0,normal_swimming,indoor,artificial,45_degree,0.93
V0683,sample_0683.jpg,3,swimming_distress,indoor,artificial,side_view,0.94
V0684,sample_0684.jpg,3,swimming_distress,indoor,low_light,side_view,0.96
V0685,sample_0685.jpg,0,normal_swimming,outdoor,low_light,side_view,0.92
V0686,sample_0686.jpg,2,drowning_passive,outdoor,low_light,overhead,0.91
V0687,sample_0687.jpg,3,swimming_distress,outdoor,natural,side_view,0.77
V0688,sample_0688.jpg,3,swimming_distress,outdoor,artificial,45_degree,0.97
V0689,sample_0689.jpg,0,normal_swimming,outdoor,low_light,overhead,0.92
V0690,sample_0690.jpg,1,drowning_active,outdoor,artificial,45_degree,0.95
V0691,sample_0691.jpg,1,drowning_active,indoor,artificial,overhead,0.8
V0692,sample_0692.jpg,3,swimming_distress,indoor,low_light,45_degree,0.76
V0693,sample_0693.jpg,1,drowning_active,outdoor,natural,side_view,0.87
V0694,sample_0694.jpg,0,normal_swimming,indoor,low_light,45_degree,0.89
V0695,sample_0695.jpg,3,swimming_distress,indoor,low_light,overhead,0.81
V0696,sample_0696.jpg,1,drowning_active,outdoor,low_light,side_view,0.8
V0697,sample_0697.jpg,0,normal_swimming,indoor,artificial,side_view,0.95
V0698,sample_0698.jpg,1,drowning_active,outdoor,natural,45_degree,0.84
V0699,sample_0699.jpg,2,drowning_passive,outdoor,low_light,overhead,0.86
V0700,sample_0700.jpg,0,normal_swimming,outdoor,natural,side_view,0.75
V0701,sample_0701.jpg,3,swimming_distress,outdoor,artificial,overhead,0.87
V0702,sample_0702.jpg,3,swimming_distress,indoor,natural,side_view,0.96
V0703,sample_0703.jpg,0,normal_swimming,indoor,artificial,45_degree,0.98
V0704,sample_0704.jpg,0,normal_swimming,indoor,low_light,45_degree,0.87
V0705,sample_0705.jpg,1,drowning_active,outdoor,artificial,overhead,0.87
V0706,sample_0706.jpg,2,drowning_passive,indoor,low_light,overhead,0.87
V0707,sample_0707.jpg,1,drowning_active,outdoor,artificial,side_view,0.89
V0708,sample_0708.jpg,0,normal_swimming,outdoor,natural,side_view,0.83
V0709,sample_0709.jpg,1,drowning_active,indoor,low_light,side_view,0.87
V0710,sample_0710.jpg,3,swimming_distress,outdoor,artificial,side_view,0.91
V0711,sample_0711.jpg,0,normal_swimming,outdoor,low_light,45_degree,0.92
V0712,sample_0712.jpg,3,swimming_distress,outdoor,natural,overhead,0.93
V0713,sample_0713.jpg,0,normal_swimming,outdoor,low_light,45_degree,0.89
V0714,sample_0714.jpg,2,drowning_passive,indoor,artificial,side_view,0.79
V0715,sample_0715.jpg,3,swimming_distress,outdoor,artificial,overhead,0.81
V0716,sample_0716.jpg,2,drowning_passive,indoor,low_light,side_view,0.9
V0717,sample_0717.jpg,2,drowning_passive,outdoor,natural,45_degree,0.95
V0718,sample_0718.jpg,2,drowning_passive,indoor,low_light,overhead,0.87
V0719,sample_0719.jpg,2,drowning_passive,outdoor,artificial,overhead,0.95
V0720,sample_0720.jpg,1,drowning_active,indoor,natural,overhead,0.8
V0721,sample_0721.jpg,0,normal_swimming,outdoor,low_light,side_view,0.85
V0722,sample_0722.jpg,1,drowning_active,outdoor,artificial,45_degree,0.85
V0723,sample_0723.jpg,2,drowning_passive,indoor,artificial,side_view,0.84
V0724,sample_0724.jpg,0,normal_swimming,outdoor,natural,45_degree,0.94
V0725,sample_0725.jpg,2,drowning_passive,indoor,artificial,overhead,0.91
V0726,sample_0726.jpg,1,drowning_active,outdoor,artificial,overhead,0.86
V0727,sample_0727.jpg,3,swimming_distress,outdoor,natural,overhead,0.86
V0728,sample_0728.jpg,1,drowning_active,indoor,low_light,45_degree,0.93
V0729,sample_0729.jpg,0,normal_swimming,indoor,natural,overhead,0.86
V0730,sample_0730.jpg,1,drowning_active,indoor,artificial,side_view,0.93
V0731,sample_0731.jpg,1,drowning_active,outdoor,low_light,side_view,0.77
V0732,sample_0732.jpg,3,swimming_distress,outdoor,low_light,overhead,0.97
V0733,sample_0733.jpg,3,swimming_distress,indoor,low_light,45_degree,0.98
V0734,sample_0734.jpg,2,drowning_passive,indoor,artificial,overhead,0.97
V0735,sample_0735.jpg,1,drowning_active,outdoor,artificial,side_view,0.8
V0736,sample_0736.jpg,2,drowning_passive,outdoor,low_light,side_view,0.83
V0737,sample_0737.jpg,0,normal_swimming,outdoor,natural,overhead,0.88
V0738,sample_0738.jpg,2,drowning_passive,indoor,artificial,overhead,0.97
V0739,sample_0739.jpg,0,normal_swimming,outdoor,artificial,45_degree,0.93
V0740,sample_0740.jpg,0,normal_swimming,outdoor,natural,side_view,0.8
V0741,sample_0741.jpg,2,drowning_passive,outdoor,low_light,45_degree,0.93
V0742,sample_0742.jpg,1,drowning_active,outdoor,natural,side_view,0.84
V0743,sample_0743.jpg,1,drowning_active,outdoor,low_light,overhead,0.8
V0744,sample_0744.jpg,3,swimming_distress,outdoor,low_light,overhead,0.82
V0745,sample_0745.jpg,1,drowning_active,outdoor,artificial,overhead,0.81
V0746,sample_0746.jpg,1,drowning_active,indoor,natural,overhead,0.82
V0747,sample_0747.jpg,1,drowning_active,outdoor,artificial,overhead,0.85
V0748,sample_0748.jpg,0,normal_swimming,outdoor,artificial,overhead,0.82
V0749,sample_0749.jpg,3,swimming_distress,indoor,low_light,45_degree,0.89
V0750,sample_0750.jpg,1,drowning_active,outdoor,artificial,45_degree,0.94
V0751,sample_0751.jpg,3,swimming_distress,indoor,low_light,45_degree,0.83
V0752,sample_0752.jpg,1,drowning_active,indoor,low_light,side_view,0.93
V0753,sample_0753.jpg,2,drowning_passive,indoor,low_light,overhead,0.91
V0754,sample_0754.jpg,0,normal_swimming,indoor,natural,45_degree,0.93
V0755,sample_0755.jpg,3,swimming_distress,indoor,natural,45_degree,0.98
V0756,sample_0756.jpg,1,drowning_active,outdoor,natural,side_view,0.77
V0757,sample_0757.jpg,1,drowning_active,indoor,natural,side_view,0.79
V0758,sample_0758.jpg,3,swimming_distress,indoor,low_light,45_degree,0.81
V0759,sample_0759.jpg,3,swimming_distress,outdoor,artificial,side_view,0.81
V0760,sample_0760.jpg,0,normal_swimming,outdoor,low_light,45_degree,0.79
V0761,sample_0761.jpg,2,drowning_passive,indoor,artificial,overhead,0.92
V0762,sample_0762.jpg,2,drowning_passive,indoor,natural,side_view,0.77
V0763,sample_0763.jpg,3,swimming_distress,indoor,artificial,overhead,0.95
V0764,sample_0764.jpg,0,normal_swimming,outdoor,natural,overhead,0.82
V0765,sample_0765.jpg,3,swimming_distress,outdoor,natural,45_degree,0.96
V0766,sample_0766.jpg,2,drowning_passive,indoor,natural,45_degree,0.75
V0767,sample_0767.jpg,2,drowning_passive,outdoor,artificial,side_view,0.92
V0768,sample_0768.jpg,3,swimming_distress,indoor,artificial,side_view,0.9
V0769,sample_0769.jpg,1,drowning_active,indoor,natural,45_degree,0.96
V0770,sample_0770.jpg,3,swimming_distress,outdoor,natural,overhead,0.9
V0771,sample_0771.jpg,1,drowning_active,outdoor,natural,45_degree,0.85
V0772,sample_0772.jpg,0,normal_swimming,outdoor,low_light,overhead,0.81
V0773,sample_0773.jpg,2,drowning_passive,indoor,low_light,side_view,0.92
V0774,sample_0774.jpg,0,normal_swimming,indoor,low_light,side_view,0.84
V0775,sample_0775.jpg,2,drowning_passive,outdoor,artificial,side_view,0.98
V0776,sample_0776.jpg,0,normal_swimming,indoor,low_light,side_view,0.8
V0777,sample_0777.jpg,2,drowning_passive,indoor,natural,45_degree,0.8
V0778,sample_0778.jpg,1,drowning_active,outdoor,artificial,overhead,0.76
V0779,sample_0779.jpg,2,drowning_passive,indoor,natural,45_degree,0.93
V0780,sample_0780.jpg,2,drowning_passive,indoor,artificial,overhead,0.86
V0781,sample_0781.jpg,2,drowning_passive,outdoor,low_light,side_view,0.83
V0782,sample_0782.jpg,0,normal_swimming,indoor,natural,side_view,0.99
V0783,sample_0783.jpg,0,normal_swimming,outdoor,low_light,overhead,0.92
V0784,sample_0784.jpg,0,normal_swimming,outdoor,artificial,45_degree,0.91
V0785,sample_0785.jpg,0,normal_swimming,indoor,natural,overhead,0.91
V0786,sample_0786.jpg,0,normal_swimming,outdoor,low_light,45_degree,0.99
V0787,sample_0787.jpg,2,drowning_passive,outdoor,natural,45_degree,0.77
V0788,sample_0788.jpg,3,swimming_distress,outdoor,artificial,side_view,0.9
V0789,sample_0789.jpg,0,normal_swimming,outdoor,natural,45_degree,0.85
V0790,sample_0790.jpg,3,swimming_distress,indoor,low_light,side_view,0.79
V0791,sample_0791.jpg,1,drowning_active,indoor,low_light,overhead,0.97
V0792,sample_0792.jpg,2,drowning_passive,outdoor,artificial,overhead,0.78
V0793,sample_0793.jpg,3,swimming_distress,indoor,artificial,45_degree,0.8
V0794,sample_0794.jpg,3,swimming_distress,indoor,artificial,overhead,0.86
V0795,sample_0795.jpg,0,normal_swimming,indoor,low_light,side_view,0.89
V0796,sample_0796.jpg,0,normal_swimming,outdoor,artificial,overhead,0.93
V0797,sample_0797.jpg,1,drowning_active,indoor,low_light,side_view,0.99
V0798,sample_0798.jpg,1,drowning_active,outdoor,low_light,45_degree,0.96
V0799,sample_0799.jpg,1,drowning_active,outdoor,artificial,45_degree,0.95
V0800,sample_0800.jpg,2,drowning_passive,indoor,low_light,overhead,0.93
V0801,sample_0801.jpg,3,swimming_distress,outdoor,artificial,45_degree,0.87
V0802,sample_0802.jpg,3,swimming_distress,indoor,artificial,overhead,0.86
V0803,sample_0803.jpg,0,normal_swimming,indoor,low_light,side_view,0.91
V0804,sample_0804.jpg,1,drowning_active,indoor,low_light,45_degree,0.83
V0805,sample_0805.jpg,3,swimming_distress,indoor,low_light,45_degree,0.93
V0806,sample_0806.jpg,1,drowning_active,outdoor,natural,45_degree,0.8
V0807,sample_0807.jpg,1,drowning_active,indoor,artificial,45_degree,0.88
V0808,sample_0808.jpg,2,drowning_passive,outdoor,natural,side_view,0.78
V0809,sample_0809.jpg,2,drowning_passive,outdoor,low_light,side_view,0.93
V0810,sample_0810.jpg,0,normal_swimming,indoor,low_light,45_degree,0.95
V0811,sample_0811.jpg,2,drowning_passive,indoor,artificial,side_view,0.96
V0812,sample_0812.jpg,1,drowning_active,indoor,low_light,overhead,0.83
V0813,sample_0813.jpg,2,drowning_passive,outdoor,artificial,overhead,0.86
V0814,sample_0814.jpg,0,normal_swimming,indoor,low_light,overhead,0.81
V0815,sample_0815.jpg,3,swimming_distress,outdoor,natural,45_degree,0.86
V0816,sample_0816.jpg,0,normal_swimming,outdoor,low_light,side_view,0.94
V0817,sample_0817.jpg,1,drowning_active,outdoor,natural,side_view,0.8
V0818,sample_0818.jpg,1,drowning_active,indoor,low_light,side_view,0.89
V0819,sample_0819.jpg,1,drowning_active,indoor,natural,side_view,0.8
V0820,sample_0820.jpg,0,normal_swimming,outdoor,artificial,side_view,0.86
V0821,sample_0821.jpg,1,drowning_active,outdoor,natural,45_degree,0.77
V0822,sample_0822.jpg,0,normal_swimming,indoor,low_light,45_degree,0.93
V0823,sample_0823.jpg,3,swimming_distress,outdoor,natural,overhead,0.99
V0824,sample_0824.jpg,1,drowning_active,indoor,low_light,side_view,0.83
V0825,sample_0825.jpg,3,swimming_distress,outdoor,low_light,45_degree,0.81
V0826,sample_0826.jpg,2,drowning_passive,outdoor,low_light,overhead,0.82
V0827,sample_0827.jpg,3,swimming_distress,outdoor,natural,overhead,0.85
V0828,sample_0828.jpg,1,drowning_active,indoor,artificial,side_view,0.83
V0829,sample_0829.jpg,3,swimming_distress,indoor,artificial,45_degree,0.83
V0830,sample_0830.jpg,0,normal_swimming,indoor,natural,overhead,0.82
V0831,sample_0831.jpg,0,normal_swimming,outdoor,artificial,overhead,0.8
V0832,sample_0832.jpg,3,swimming_distress,outdoor,low_light,overhead,0.95
V0833,sample_0833.jpg,1,drowning_active,indoor,natural,45_degree,0.92
V0834,sample_0834.jpg,2,drowning_passive,indoor,low_light,overhead,0.77
V0835,sample_0835.jpg,3,swimming_distress,outdoor,natural,45_degree,0.77
V0836,sample_0836.jpg,0,normal_swimming,indoor,low_light,overhead,0.92
V0837,sample_0837.jpg,3,swimming_distress,indoor,low_light,overhead,0.91
V0838,sample_0838.jpg,3,swimming_distress,indoor,artificial,side_view,0.97
V0839,sample_0839.jpg,2,drowning_passive,outdoor,artificial,side_view,0.85
V0840,sample_0840.jpg,2,drowning_passive,indoor,artificial,overhead,0.87
V0841,sample_0841.jpg,0,normal_swimming,indoor,natural,45_degree,0.9
V0842,sample_0842.jpg,2,drowning_passive,outdoor,artificial,45_degree,0.8
V0843,sample_0843.jpg,1,drowning_active,outdoor,natural,45_degree,0.77
V0844,sample_0844.jpg,0,normal_swimming,outdoor,low_light,side_view,0.92
V0845,sample_0845.jpg,0,normal_swimming,indoor,low_light,side_view,0.89
V0846,sample_0846.jpg,0,normal_swimming,outdoor,low_light,45_degree,0.78
V0847,sample_0847.jpg,3,swimming_distress,indoor,natural,45_degree,0.98
V0848,sample_0848.jpg,1,drowning_active,outdoor,natural,overhead,0.95
V0849,sample_0849.jpg,3,swimming_distress,indoor,artificial,side_view,0.81
V0850,sample_0850.jpg,1,drowning_active,indoor,low_light,overhead,0.91
V0851,sample_0851.jpg,2,drowning_passive,indoor,low_light,45_degree,0.86
V0852,sample_0852.jpg,2,drowning_passive,outdoor,natural,45_degree,0.89
V0853,sample_0853.jpg,3,swimming_distress,outdoor,artificial,side_view,0.78
V0854,sample_0854.jpg,1,drowning_active,outdoor,artificial,overhead,0.83
V0855,sample_0855.jpg,2,drowning_passive,outdoor,low_light,overhead,0.99
V0856,sample_0856.jpg,1,drowning_active,outdoor,natural,overhead,0.84
V0857,sample_0857.jpg,1,drowning_active,indoor,artificial,45_degree,0.99
V0858,sample_0858.jpg,2,drowning_passive,indoor,artificial,side_view,0.76
V0859,sample_0859.jpg,3,swimming_distress,indoor,natural,overhead,0.86
V0860,sample_0860.jpg,2,drowning_passive,outdoor,artificial,45_degree,0.99
V0861,sample_0861.jpg,2,drowning_passive,indoor,low_light,overhead,0.77
V0862,sample_0862.jpg,0,normal_swimming,indoor,low_light,overhead,0.87
V0863,sample_0863.jpg,2,drowning_passive,indoor,low_light,45_degree,0.76
V0864,sample_0864.jpg,2,drowning_passive,outdoor,natural,side_view,0.9
V0865,sample_0865.jpg,0,normal_swimming,indoor,artificial,45_degree,0.79
V0866,sample_0866.jpg,3,swimming_distress,indoor,artificial,45_degree,0.97
V0867,sample_0867.jpg,3,swimming_distress,outdoor,low_light,side_view,0.86
V0868,sample_0868.jpg,3,swimming_distress,outdoor,artificial,side_view,0.92
V0869,sample_0869.jpg,1,drowning_active,indoor,natural,45_degree,0.81
V0870,sample_0870.jpg,0,normal_swimming,indoor,low_light,side_view,0.78
V0871,sample_0871.jpg,1,drowning_active,indoor,low_light,45_degree,0.93
V0872,sample_0872.jpg,2,drowning_passive,indoor,natural,side_view,0.76
V0873,sample_0873.jpg,3,swimming_distress,outdoor,artificial,overhead,0.93
V0874,sample_0874.jpg,2,drowning_passive,indoor,artificial,side_view,0.82
V0875,sample_0875.jpg,0,normal_swimming,indoor,natural,side_view,0.78
V0876,sample_0876.jpg,0,normal_swimming,outdoor,artificial,45_degree,0.79
V0877,sample_0877.jpg,1,drowning_active,outdoor,low_light,overhead,0.86
V0878,sample_0878.jpg,2,drowning_passive,indoor,natural,overhead,0.86
V0879,sample_0879.jpg,2,drowning_passive,indoor,artificial,overhead,0.92
V0880,sample_0880.jpg,1,drowning_active,outdoor,low_light,overhead,0.96
V0881,sample_0881.jpg,2,drowning_passive,indoor,low_light,overhead,0.89
V0882,sample_0882.jpg,3,swimming_distress,indoor,low_light,side_view,0.81
V0883,sample_0883.jpg,3,swimming_distress,outdoor,artificial,overhead,0.84
V0884,sample_0884.jpg,0,normal_swimming,outdoor,artificial,side_view,0.99
V0885,sample_0885.jpg,2,drowning_passive,indoor,artificial,overhead,0.96
V0886,sample_0886.jpg,0,normal_swimming,indoor,artificial,overhead,0.91
V0887,sample_0887.jpg,2,drowning_passive,outdoor,low_light,45_degree,0.76
V0888,sample_0888.jpg,0,normal_swimming,indoor,artificial,overhead,0.8
V0889,sample_0889.jpg,0,normal_swimming,indoor,natural,side_view,0.92
V0890,sample_0890.jpg,1,drowning_active,indoor,natural,45_degree,0.8
V0891,sample_0891.jpg,1,drowning_active,indoor,low_light,side_view,0.94
V0892,sample_0892.jpg,3,swimming_distress,outdoor,natural,45_degree,0.89
V0893,sample_0893.jpg,3,swimming_distress,outdoor,natural,side_view,0.82
V0894,sample_0894.jpg,0,normal_swimming,outdoor,low_light,overhead,0.77
V0895,sample_0895.jpg,1,drowning_active,indoor,low_light,45_degree,0.98
V0896,sample_0896.jpg,2,drowning_passive,outdoor,artificial,side_view,0.95
V0897,sample_0897.jpg,2,drowning_passive,indoor,artificial,overhead,0.98
V0898,sample_0898.jpg,2,drowning_passive,indoor,low_light,side_view,0.81
V0899,sample_0899.jpg,1,drowning_active,indoor,artificial,45_degree,0.95
V0900,sample_0900.jpg,2,drowning_passive,indoor,artificial,overhead,0.77
V0901,sample_0901.jpg,0,normal_swimming,outdoor,artificial,overhead,0.96
V0902,sample_0902.jpg,0,normal_swimming,outdoor,artificial,overhead,0.96
V0903,sample_0903.jpg,3,swimming_distress,indoor,artificial,overhead,0.85
V0904,sample_0904.jpg,1,drowning_active,outdoor,low_light,side_view,0.98
V0905,sample_0905.jpg,0,normal_swimming,indoor,natural,side_view,0.76
V0906,sample_0906.jpg,0,normal_swimming,indoor,artificial,overhead,0.85
V0907,sample_0907.jpg,2,drowning_passive,outdoor,artificial,45_degree,0.99
V0908,sample_0908.jpg,2,drowning_passive,indoor,natural,45_degree,0.86
V0909,sample_0909.jpg,2,drowning_passive,indoor,natural,side_view,0.93
V0910,sample_0910.jpg,0,normal_swimming,outdoor,artificial,overhead,0.98
V0911,sample_0911.jpg,2,drowning_passive,indoor,artificial,overhead,0.97
V0912,sample_0912.jpg,3,swimming_distress,outdoor,natural,side_view,0.84
V0913,sample_0913.jpg,2,drowning_passive,outdoor,artificial,overhead,0.85
V0914,sample_0914.jpg,3,swimming_distress,outdoor,natural,side_view,0.81
V0915,sample_0915.jpg,2,drowning_passive,outdoor,artificial,45_degree,0.79
V0916,sample_0916.jpg,3,swimming_distress,indoor,artificial,45_degree,0.92
V0917,sample_0917.jpg,1,drowning_active,indoor,low_light,side_view,0.96
V0918,sample_0918.jpg,0,normal_swimming,indoor,natural,side_view,0.85
V0919,sample_0919.jpg,2,drowning_passive,indoor,low_light,side_view,0.91
V0920,sample_0920.jpg,1,drowning_active,outdoor,natural,45_degree,0.94
V0921,sample_0921.jpg,3,swimming_distress,indoor,low_light,side_view,0.98
V0922,sample_0922.jpg,1,drowning_active,outdoor,natural,side_view,0.84
V0923,sample_0923.jpg,1,drowning_active,indoor,artificial,45_degree,0.84
V0924,sample_0924.jpg,2,drowning_passive,indoor,artificial,side_view,0.89
V0925,sample_0925.jpg,0,normal_swimming,outdoor,artificial,45_degree,0.88
V0926,sample_0926.jpg,1,drowning_active,indoor,natural,45_degree,0.8
V0927,sample_0927.jpg,0,normal_swimming,outdoor,artificial,45_degree,0.8
V0928,sample_0928.jpg,0,normal_swimming,indoor,artificial,side_view,0.89
V0929,sample_0929.jpg,3,swimming_distress,indoor,low_light,side_view,0.87
V0930,sample_0930.jpg,1,drowning_active,outdoor,low_light,overhead,0.77
V0931,sample_0931.jpg,0,normal_swimming,outdoor,low_light,side_view,0.77
V0932,sample_0932.jpg,1,drowning_active,outdoor,artificial,overhead,0.9
V0933,sample_0933.jpg,1,drowning_active,indoor,artificial,side_view,0.89
V0934,sample_0934.jpg,3,swimming_distress,outdoor,natural,overhead,0.95
V0935,sample_0935.jpg,2,drowning_passive,outdoor,artificial,side_view,0.98
V0936,sample_0936.jpg,0,normal_swimming,indoor,artificial,side_view,0.79
V0937,sample_0937.jpg,3,swimming_distress,outdoor,artificial,overhead,0.92
V0938,sample_0938.jpg,2,drowning_passive,indoor,natural,45_degree,0.96
V0939,sample_0939.jpg,1,drowning_active,indoor,low_light,45_degree,0.94
V0940,sample_0940.jpg,2,drowning_passive,indoor,natural,side_view,0.79
V0941,sample_0941.jpg,0,normal_swimming,indoor,low_light,overhead,0.9
V0942,sample_0942.jpg,1,drowning_active,indoor,low_light,overhead,0.95
V0943,sample_0943.jpg,3,swimming_distress,indoor,low_light,overhead,0.98
V0944,sample_0944.jpg,2,drowning_passive,outdoor,natural,side_view,0.77
V0945,sample_0945.jpg,0,normal_swimming,indoor,artificial,overhead,0.77
V0946,sample_0946.jpg,2,drowning_passive,outdoor,artificial,overhead,0.81
V0947,sample_0947.jpg,3,swimming_distress,indoor,artificial,overhead,0.86
V0948,sample_0948.jpg,1,drowning_active,outdoor,artificial,side_view,0.79
V0949,sample_0949.jpg,0,normal_swimming,indoor,low_light,45_degree,0.98
V0950,sample_0950.jpg,0,normal_swimming,indoor,low_light,overhead,0.98
V0951,sample_0951.jpg,0,normal_swimming,indoor,natural,45_degree,0.93
V0952,sample_0952.jpg,1,drowning_active,outdoor,artificial,overhead,0.84
V0953,sample_0953.jpg,1,drowning_active,indoor,natural,overhead,0.93
V0954,sample_0954.jpg,0,normal_swimming,outdoor,low_light,side_view,0.92
V0955,sample_0955.jpg,1,drowning_active,indoor,low_light,overhead,0.82
V0956,sample_0956.jpg,0,normal_swimming,outdoor,natural,overhead,0.94
V0957,sample_0957.jpg,1,drowning_active,indoor,natural,side_view,0.77
V0958,sample_0958.jpg,3,swimming_distress,indoor,natural,side_view,0.76
V0959,sample_0959.jpg,2,drowning_passive,outdoor,low_light,side_view,0.89
V0960,sample_0960.jpg,2,drowning_passive,outdoor,natural,side_view,0.9
V0961,sample_0961.jpg,0,normal_swimming,outdoor,low_light,side_view,0.9
V0962,sample_0962.jpg,2,drowning_passive,outdoor,artificial,side_view,0.89
V0963,sample_0963.jpg,1,drowning_active,outdoor,artificial,side_view,0.93
V0964,sample_0964.jpg,1,drowning_active,indoor,artificial,overhead,0.85
V0965,sample_0965.jpg,0,normal_swimming,indoor,low_light,45_degree,0.95
V0966,sample_0966.jpg,1,drowning_active,indoor,natural,overhead,0.94
V0967,sample_0967.jpg,1,drowning_active,outdoor,low_light,side_view,0.91
V0968,sample_0968.jpg,3,swimming_distress,indoor,low_light,overhead,0.85
V0969,sample_0969.jpg,1,drowning_active,outdoor,natural,45_degree,0.8
V0970,sample_0970.jpg,3,swimming_distress,outdoor,artificial,45_degree,0.8
V0971,sample_0971.jpg,1,drowning_active,outdoor,artificial,overhead,0.86
V0972,sample_0972.jpg,3,swimming_distress,outdoor,low_light,45_degree,0.84
V0973,sample_0973.jpg,2,drowning_passive,outdoor,natural,side_view,0.97
V0974,sample_0974.jpg,0,normal_swimming,outdoor,artificial,45_degree,0.85
V0975,sample_0975.jpg,1,drowning_active,indoor,natural,side_view,0.94
V0976,sample_0976.jpg,1,drowning_active,indoor,natural,overhead,0.93
V0977,sample_0977.jpg,3,swimming_distress,indoor,artificial,overhead,0.98
V0978,sample_0978.jpg,3,swimming_distress,indoor,artificial,overhead,0.78
V0979,sample_0979.jpg,3,swimming_distress,outdoor,natural,side_view,0.81
V0980,sample_0980.jpg,0,normal_swimming,indoor,low_light,45_degree,0.99
V0981,sample_0981.jpg,0,normal_swimming,outdoor,low_light,side_view,0.9
V0982,sample_0982.jpg,0,normal_swimming,outdoor,natural,side_view,0.8
V0983,sample_0983.jpg,2,drowning_passive,outdoor,low_light,45_degree,0.81
V0984,sample_0984.jpg,2,drowning_passive,indoor,artificial,overhead,0.88
V0985,sample_0985.jpg,3,swimming_distress,outdoor,artificial,45_degree,0.91
V0986,sample_0986.jpg,0,normal_swimming,indoor,low_light,45_degree,0.76
V0987,sample_0987.jpg,0,normal_swimming,outdoor,low_light,overhead,0.97
V0988,sample_0988.jpg,2,drowning_passive,outdoor,low_light,side_view,0.97
V0989,sample_0989.jpg,3,swimming_distress,outdoor,natural,side_view,0.96
V0990,sample_0990.jpg,0,normal_swimming,outdoor,natural,45_degree,0.84
V0991,sample_0991.jpg,2,drowning_passive,outdoor,low_light,overhead,0.8
V0992,sample_0992.jpg,0,normal_swimming,indoor,artificial,overhead,0.8
V0993,sample_0993.jpg,2,drowning_passive,outdoor,natural,45_degree,0.8
V0994,sample_0994.jpg,3,swimming_distress,indoor,natural,side_view,0.76
V0995,sample_0995.jpg,0,normal_swimming,outdoor,artificial,overhead,0.93
V0996,sample_0996.jpg,0,normal_swimming,indoor,natural,overhead,0.77
V0997,sample_0997.jpg,1,drowning_active,indoor,natural,side_view,0.94
V0998,sample_0998.jpg,1,drowning_active,outdoor,artificial,side_view,0.94
V0999,sample_0999.jpg,1,drowning_active,outdoor,low_light,side_view,0.85
V1000,sample_1000.jpg,1,drowning_active,outdoor,artificial,side_view,0.91
V1001,sample_1001.jpg,0,normal_swimming,outdoor,natural,side_view,0.92
V1002,sample_1002.jpg,0,normal_swimming,indoor,artificial,side_view,0.81
V1003,sample_1003.jpg,2,drowning_passive,indoor,natural,45_degree,0.81
V1004,sample_1004.jpg,0,normal_swimming,indoor,low_light,side_view,0.87
V1005,sample_1005.jpg,3,swimming_distress,outdoor,artificial,side_view,0.87
V1006,sample_1006.jpg,3,swimming_distress,outdoor,low_light,45_degree,0.9
V1007,sample_1007.jpg,3,swimming_distress,outdoor,natural,side_view,0.84
V1008,sample_1008.jpg,0,normal_swimming,outdoor,low_light,side_view,0.83
V1009,sample_1009.jpg,3,swimming_distress,outdoor,natural,side_view,0.95
V1010,sample_1010.jpg,2,drowning_passive,indoor,artificial,45_degree,0.98
V1011,sample_1011.jpg,0,normal_swimming,outdoor,low_light,45_degree,0.84
V1012,sample_1012.jpg,1,drowning_active,indoor,natural,side_view,0.87
V1013,sample_1013.jpg,1,drowning_active,outdoor,low_light,45_degree,0.76
V1014,sample_1014.jpg,3,swimming_distress,outdoor,artificial,45_degree,0.82
V1015,sample_1015.jpg,3,swimming_distress,outdoor,artificial,overhead,0.9
V1016,sample_1016.jpg,1,drowning_active,indoor,low_light,side_view,0.86
V1017,sample_1017.jpg,3,swimming_distress,indoor,natural,45_degree,0.92
V1018,sample_1018.jpg,1,drowning_active,indoor,artificial,45_degree,0.9
V1019,sample_1019.jpg,1,drowning_active,outdoor,artificial,overhead,0.95
V1020,sample_1020.jpg,2,drowning_passive,outdoor,low_light,45_degree,0.94
V1021,sample_1021.jpg,0,normal_swimming,indoor,low_light,overhead,0.89
V1022,sample_1022.jpg,3,swimming_distress,outdoor,artificial,45_degree,0.91
V1023,sample_1023.jpg,0,normal_swimming,indoor,natural,side_view,0.85
V1024,sample_1024.jpg,0,normal_swimming,outdoor,artificial,45_degree,0.95
V1025,sample_1025.jpg,2,drowning_passive,indoor,low_light,overhead,0.8
V1026,sample_1026.jpg,3,swimming_distress,outdoor,artificial,side_view,0.76
V1027,sample_1027.jpg,0,normal_swimming,outdoor,artificial,45_degree,0.83
V1028,sample_1028.jpg,0,normal_swimming,indoor,artificial,45_degree,0.76
V1029,sample_1029.jpg,0,normal_swimming,indoor,artificial,side_view,0.81
V1030,sample_1030.jpg,3,swimming_distress,outdoor,artificial,overhead,0.95
V1031,sample_1031.jpg,2,drowning_passive,outdoor,low_light,45_degree,0.9
V1032,sample_1032.jpg,2,drowning_passive,indoor,natural,side_view,0.84
V1033,sample_1033.jpg,0,normal_swimming,indoor,natural,side_view,0.85
V1034,sample_1034.jpg,3,swimming_distress,indoor,natural,overhead,0.84
V1035,sample_1035.jpg,3,swimming_distress,indoor,natural,45_degree,0.82
V1036,sample_1036.jpg,3,swimming_distress,indoor,natural,overhead,0.95
V1037,sample_1037.jpg,2,drowning_passive,indoor,artificial,side_view,0.99
V1038,sample_1038.jpg,0,normal_swimming,indoor,artificial,side_view,0.9
V1039,sample_1039.jpg,1,drowning_active,indoor,low_light,45_degree,0.8
V1040,sample_1040.jpg,0,normal_swimming,indoor,artificial,45_degree,0.88
V1041,sample_1041.jpg,1,drowning_active,indoor,natural,overhead,0.97
V1042,sample_1042.jpg,0,normal_swimming,outdoor,low_light,overhead,0.82
V1043,sample_1043.jpg,1,drowning_active,outdoor,low_light,45_degree,0.81
V1044,sample_1044.jpg,2,drowning_passive,indoor,low_light,side_view,0.94
V1045,sample_1045.jpg,3,swimming_distress,outdoor,natural,overhead,0.87
V1046,sample_1046.jpg,1,drowning_active,outdoor,low_light,45_degree,0.95
V1047,sample_1047.jpg,2,drowning_passive,outdoor,artificial,45_degree,0.95
V1048,sample_1048.jpg,1,drowning_active,indoor,artificial,45_degree,0.89
V1049,sample_1049.jpg,1,drowning_active,indoor,artificial,overhead,0.94
V1050,sample_1050.jpg,3,swimming_distress,indoor,natural,overhead,0.97
V1051,sample_1051.jpg,3,swimming_distress,outdoor,natural,overhead,0.82
V1052,sample_1052.jpg,0,normal_swimming,outdoor,low_light,overhead,0.84
V1053,sample_1053.jpg,1,drowning_active,indoor,low_light,side_view,0.77
V1054,sample_1054.jpg,1,drowning_active,indoor,artificial,side_view,0.82
V1055,sample_1055.jpg,3,swimming_distress,outdoor,artificial,45_degree,0.92
V1056,sample_1056.jpg,2,drowning_passive,outdoor,low_light,side_view,0.8
V1057,sample_1057.jpg,0,normal_swimming,outdoor,low_light,overhead,0.83
V1058,sample_1058.jpg,2,drowning_passive,indoor,low_light,45_degree,0.84
V1059,sample_1059.jpg,2,drowning_passive,indoor,artificial,45_degree,0.94
V1060,sample_1060.jpg,0,normal_swimming,outdoor,artificial,45_degree,0.88
V1061,sample_1061.jpg,1,drowning_active,outdoor,natural,45_degree,0.87
V1062,sample_1062.jpg,1,drowning_active,indoor,low_light,side_view,0.94
V1063,sample_1063.jpg,3,swimming_distress,outdoor,artificial,overhead,0.75
V1064,sample_1064.jpg,1,drowning_active,outdoor,artificial,45_degree,0.95
V1065,sample_1065.jpg,0,normal_swimming,outdoor,natural,45_degree,0.75
V1066,sample_1066.jpg,2,drowning_passive,outdoor,low_light,side_view,0.77
V1067,sample_1067.jpg,3,swimming_distress,outdoor,low_light,overhead,0.78
V1068,sample_1068.jpg,3,swimming_distress,indoor,natural,side_view,0.84
V1069,sample_1069.jpg,2,drowning_passive,outdoor,natural,side_view,0.84
V1070,sample_1070.jpg,1,drowning_active,outdoor,natural,45_degree,0.81
V1071,sample_1071.jpg,2,drowning_passive,outdoor,natural,overhead,0.81
V1072,sample_1072.jpg,1,drowning_active,indoor,natural,overhead,0.86
V1073,sample_1073.jpg,0,normal_swimming,outdoor,artificial,overhead,0.95
V1074,sample_1074.jpg,0,normal_swimming,indoor,natural,45_degree,0.92
V1075,sample_1075.jpg,3,swimming_distress,indoor,artificial,45_degree,0.91
V1076,sample_1076.jpg,0,normal_swimming,indoor,natural,45_degree,0.92
V1077,sample_1077.jpg,0,normal_swimming,indoor,natural,45_degree,0.99
V1078,sample_1078.jpg,0,normal_swimming,outdoor,natural,overhead,0.91
V1079,sample_1079.jpg,0,normal_swimming,outdoor,natural,45_degree,0.91
V1080,sample_1080.jpg,0,normal_swimming,indoor,artificial,45_degree,0.83
V1081,sample_1081.jpg,0,normal_swimming,indoor,low_light,45_degree,0.96
V1082,sample_1082.jpg,0,normal_swimming,indoor,artificial,45_degree,0.78
V1083,sample_1083.jpg,3,swimming_distress,indoor,artificial,overhead,0.77
V1084,sample_1084.jpg,0,normal_swimming,indoor,low_light,45_degree,0.75
V1085,sample_1085.jpg,3,swimming_distress,outdoor,artificial,overhead,0.76
V1086,sample_1086.jpg,1,drowning_active,indoor,natural,45_degree,0.97
V1087,sample_1087.jpg,3,swimming_distress,indoor,natural,45_degree,0.98
V1088,sample_1088.jpg,1,drowning_active,indoor,natural,side_view,0.82
V1089,sample_1089.jpg,3,swimming_distress,outdoor,low_light,45_degree,0.89
V1090,sample_1090.jpg,0,normal_swimming,outdoor,natural,overhead,0.8
V1091,sample_1091.jpg,1,drowning_active,indoor,natural,side_view,0.86
V1092,sample_1092.jpg,3,swimming_distress,indoor,artificial,overhead,0.97
V1093,sample_1093.jpg,2,drowning_passive,outdoor,artificial,overhead,0.86
V1094,sample_1094.jpg,1,drowning_active,indoor,natural,side_view,0.78
V1095,sample_1095.jpg,1,drowning_active,indoor,low_light,45_degree,0.83
V1096,sample_1096.jpg,2,drowning_passive,outdoor,low_light,side_view,0.89
V1097,sample_1097.jpg,3,swimming_distress,indoor,artificial,side_view,0.78
V1098,sample_1098.jpg,2,drowning_passive,outdoor,natural,overhead,0.92
V1099,sample_1099.jpg,2,drowning_passive,outdoor,low_light,overhead,0.87
V1100,sample_1100.jpg,2,drowning_passive,outdoor,low_light,overhead,0.81
V1101,sample_1101.jpg,3,swimming_distress,outdoor,natural,overhead,0.82
V1102,sample_1102.jpg,0,normal_swimming,indoor,natural,side_view,0.81
V1103,sample_1103.jpg,2,drowning_passive,indoor,natural,side_view,0.92
V1104,sample_1104.jpg,2,drowning_passive,outdoor,low_light,side_view,0.9
V1105,sample_1105.jpg,3,swimming_distress,outdoor,artificial,overhead,0.96
V1106,sample_1106.jpg,1,drowning_active,outdoor,natural,overhead,0.89
V1107,sample_1107.jpg,0,normal_swimming,outdoor,natural,overhead,0.96
V1108,sample_1108.jpg,0,normal_swimming,outdoor,low_light,45_degree,0.97
V1109,sample_1109.jpg,2,drowning_passive,indoor,artificial,overhead,0.83
V1110,sample_1110.jpg,3,swimming_distress,indoor,low_light,overhead,0.8
V1111,sample_1111.jpg,3,swimming_distress,outdoor,natural,45_degree,0.98
V1112,sample_1112.jpg,3,swimming_distress,outdoor,artificial,side_view,0.78
V1113,sample_1113.jpg,0,normal_swimming,outdoor,natural,side_view,0.9
V1114,sample_1114.jpg,0,normal_swimming,outdoor,low_light,45_degree,0.97
V1115,sample_1115.jpg,3,swimming_distress,indoor,low_light,overhead,0.84
V1116,sample_1116.jpg,2,drowning_passive,outdoor,low_light,overhead,0.94
V1117,sample_1117.jpg,1,drowning_active,indoor,low_light,45_degree,0.84
V1118,sample_1118.jpg,0,normal_swimming,indoor,low_light,side_view,0.84
V1119,sample_1119.jpg,0,normal_swimming,indoor,low_light,side_view,0.81
V1120,sample_1120.jpg,1,drowning_active,indoor,artificial,overhead,0.78
V1121,sample_1121.jpg,3,swimming_distress,indoor,natural,overhead,0.93
V1122,sample_1122.jpg,3,swimming_distress,outdoor,artificial,overhead,0.97
V1123,sample_1123.jpg,2,drowning_passive,outdoor,low_light,overhead,0.84
V1124,sample_1124.jpg,0,normal_swimming,outdoor,low_light,side_view,0.85
V1125,sample_1125.jpg,1,drowning_active,outdoor,natural,45_degree,0.98
V1126,sample_1126.jpg,3,swimming_distress,outdoor,natural,45_degree,0.93
V1127,sample_1127.jpg,1,drowning_active,indoor,artificial,overhead,0.8
V1128,sample_1128.jpg,0,normal_swimming,indoor,low_light,45_degree,0.98
V1129,sample_1129.jpg,0,normal_swimming,indoor,natural,side_view,0.98
V1130,sample_1130.jpg,0,normal_swimming,outdoor,artificial,side_view,0.84
V1131,sample_1131.jpg,3,swimming_distress,outdoor,natural,45_degree,0.89
V1132,sample_1132.jpg,0,normal_swimming,outdoor,artificial,side_view,0.97
V1133,sample_1133.jpg,2,drowning_passive,outdoor,artificial,45_degree,0.95
V1134,sample_1134.jpg,3,swimming_distress,outdoor,low_light,overhead,0.88
V1135,sample_1135.jpg,0,normal_swimming,outdoor,artificial,45_degree,0.96
V1136,sample_1136.jpg,0,normal_swimming,outdoor,natural,45_degree,0.92
V1137,sample_1137.jpg,0,normal_swimming,outdoor,artificial,45_degree,0.84
V1138,sample_1138.jpg,2,drowning_passive,outdoor,natural,overhead,0.85
V1139,sample_1139.jpg,2,drowning_passive,indoor,natural,side_view,0.81
V1140,sample_1140.jpg,2,drowning_passive,indoor,artificial,overhead,0.79
V1141,sample_1141.jpg,2,drowning_passive,outdoor,low_light,overhead,0.76
V1142,sample_1142.jpg,1,drowning_active,indoor,artificial,45_degree,0.9
V1143,sample_1143.jpg,0,normal_swimming,outdoor,low_light,overhead,0.89
V1144,sample_1144.jpg,1,drowning_active,outdoor,artificial,side_view,0.88
V1145,sample_1145.jpg,2,drowning_passive,indoor,artificial,side_view,0.86
V1146,sample_1146.jpg,3,swimming_distress,outdoor,artificial,side_view,0.84
V1147,sample_1147.jpg,0,normal_swimming,outdoor,natural,side_view,0.78
V1148,sample_1148.jpg,1,drowning_active,outdoor,artificial,side_view,0.76
V1149,sample_1149.jpg,2,drowning_passive,indoor,low_light,side_view,0.82
V1150,sample_1150.jpg,3,swimming_distress,outdoor,artificial,overhead,0.82
V1151,sample_1151.jpg,2,drowning_passive,outdoor,natural,overhead,0.77
V1152,sample_1152.jpg,2,drowning_passive,outdoor,low_light,side_view,0.75
V1153,sample_1153.jpg,3,swimming_distress,indoor,low_light,45_degree,0.78
V1154,sample_1154.jpg,3,swimming_distress,indoor,artificial,45_degree,0.79
V1155,sample_1155.jpg,1,drowning_active,outdoor,natural,45_degree,0.92
V1156,sample_1156.jpg,1,drowning_active,outdoor,low_light,overhead,0.78
V1157,sample_1157.jpg,1,drowning_active,outdoor,low_light,overhead,0.86
V1158,sample_1158.jpg,1,drowning_active,outdoor,artificial,side_view,0.77
V1159,sample_1159.jpg,1,drowning_active,outdoor,low_light,side_view,0.96
V1160,sample_1160.jpg,2,drowning_passive,indoor,natural,side_view,0.86
V1161,sample_1161.jpg,0,normal_swimming,indoor,artificial,overhead,0.86
V1162,sample_1162.jpg,1,drowning_active,outdoor,natural,side_view,0.84
V1163,sample_1163.jpg,3,swimming_distress,indoor,artificial,side_view,0.97
V1164,sample_1164.jpg,3,swimming_distress,indoor,artificial,side_view,0.79
V1165,sample_1165.jpg,2,drowning_passive,outdoor,artificial,side_view,0.77
V1166,sample_1166.jpg,2,drowning_passive,outdoor,natural,side_view,0.88
V1167,sample_1167.jpg,0,normal_swimming,indoor,artificial,45_degree,0.89
V1168,sample_1168.jpg,1,drowning_active,outdoor,artificial,overhead,0.78
V1169,sample_1169.jpg,3,swimming_distress,outdoor,natural,overhead,0.84
V1170,sample_1170.jpg,3,swimming_distress,indoor,artificial,45_degree,0.96
V1171,sample_1171.jpg,3,swimming_distress,outdoor,natural,overhead,0.98
V1172,sample_1172.jpg,0,normal_swimming,outdoor,natural,side_view,0.8
V1173,sample_1173.jpg,2,drowning_passive,indoor,low_light,45_degree,0.93
V1174,sample_1174.jpg,1,drowning_active,indoor,low_light,45_degree,0.81
V1175,sample_1175.jpg,1,drowning_active,outdoor,artificial,45_degree,0.86
V1176,sample_1176.jpg,1,drowning_active,indoor,artificial,overhead,0.96
V1177,sample_1177.jpg,1,drowning_active,indoor,low_light,overhead,0.93
V1178,sample_1178.jpg,3,swimming_distress,indoor,artificial,overhead,0.99
V1179,sample_1179.jpg,0,normal_swimming,outdoor,low_light,overhead,0.99
V1180,sample_1180.jpg,1,drowning_active,indoor,natural,side_view,0.79
V1181,sample_1181.jpg,2,drowning_passive,indoor,low_light,side_view,0.96
V1182,sample_1182.jpg,1,drowning_active,outdoor,artificial,overhead,0.84
V1183,sample_1183.jpg,1,drowning_active,indoor,artificial,45_degree,0.84
V1184,sample_1184.jpg,0,normal_swimming,outdoor,natural,side_view,0.84
V1185,sample_1185.jpg,3,swimming_distress,indoor,artificial,overhead,0.94
V1186,sample_1186.jpg,1,drowning_active,indoor,artificial,side_view,0.92
V1187,sample_1187.jpg,2,drowning_passive,indoor,artificial,overhead,0.77
V1188,sample_1188.jpg,0,normal_swimming,outdoor,low_light,overhead,0.96
V1189,sample_1189.jpg,2,drowning_passive,indoor,artificial,45_degree,0.91
V1190,sample_1190.jpg,0,normal_swimming,indoor,natural,side_view,0.9
V1191,sample_1191.jpg,2,drowning_passive,indoor,low_light,side_view,0.87
V1192,sample_1192.jpg,0,normal_swimming,indoor,low_light,overhead,0.79
V1193,sample_1193.jpg,2,drowning_passive,indoor,low_light,side_view,0.98
V1194,sample_1194.jpg,2,drowning_passive,outdoor,low_light,overhead,0.84
V1195,sample_1195.jpg,1,drowning_active,indoor,natural,overhead,0.9
V1196,sample_1196.jpg,0,normal_swimming,indoor,low_light,45_degree,0.83
V1197,sample_1197.jpg,2,drowning_passive,outdoor,artificial,45_degree,0.79
V1198,sample_1198.jpg,0,normal_swimming,outdoor,natural,overhead,0.77
V1199,sample_1199.jpg,2,drowning_passive,outdoor,low_light,overhead,0.96
V1200,sample_1200.jpg,1,drowning_active,indoor,natural,overhead,0.93
V1201,sample_1201.jpg,2,drowning_passive,indoor,low_light,overhead,0.76
V1202,sample_1202.jpg,2,drowning_passive,indoor,low_light,side_view,0.9
V1203,sample_1203.jpg,0,normal_swimming,outdoor,natural,45_degree,0.79
V1204,sample_1204.jpg,2,drowning_passive,outdoor,low_light,side_view,0.83
V1205,sample_1205.jpg,2,drowning_passive,outdoor,low_light,side_view,0.82
V1206,sample_1206.jpg,1,drowning_active,indoor,low_light,side_view,0.96
V1207,sample_1207.jpg,0,normal_swimming,outdoor,artificial,side_view,0.94
V1208,sample_1208.jpg,0,normal_swimming,outdoor,artificial,45_degree,0.82
V1209,sample_1209.jpg,1,drowning_active,indoor,natural,side_view,0.92
V1210,sample_1210.jpg,3,swimming_distress,outdoor,low_light,overhead,0.79
V1211,sample_1211.jpg,3,swimming_distress,indoor,artificial,45_degree,0.79
V1212,sample_1212.jpg,1,drowning_active,outdoor,natural,45_degree,0.75
V1213,sample_1213.jpg,0,normal_swimming,outdoor,low_light,45_degree,0.91
V1214,sample_1214.jpg,3,swimming_distress,indoor,artificial,45_degree,0.91
V1215,sample_1215.jpg,1,drowning_active,outdoor,natural,overhead,0.83
V1216,sample_1216.jpg,3,swimming_distress,indoor,artificial,side_view,0.94
V1217,sample_1217.jpg,2,drowning_passive,outdoor,natural,side_view,0.79
V1218,sample_1218.jpg,1,drowning_active,outdoor,natural,side_view,0.76
V1219,sample_1219.jpg,2,drowning_passive,indoor,artificial,overhead,0.82
V1220,sample_1220.jpg,1,drowning_active,indoor,natural,overhead,0.92
V1221,sample_1221.jpg,1,drowning_active,indoor,low_light,overhead,0.99
V1222,sample_1222.jpg,3,swimming_distress,indoor,artificial,45_degree,0.79
V1223,sample_1223.jpg,0,normal_swimming,indoor,low_light,overhead,0.96
V1224,sample_1224.jpg,2,drowning_passive,indoor,low_light,45_degree,0.89
V1225,sample_1225.jpg,3,swimming_distress,outdoor,low_light,side_view,0.87
V1226,sample_1226.jpg,3,swimming_distress,indoor,low_light,45_degree,0.86
V1227,sample_1227.jpg,0,normal_swimming,outdoor,artificial,overhead,0.77
V1228,sample_1228.jpg,2,drowning_passive,indoor,natural,45_degree,0.96
V1229,sample_1229.jpg,3,swimming_distress,indoor,artificial,45_degree,0.99
V1230,sample_1230.jpg,1,drowning_active,outdoor,natural,45_degree,0.84
V1231,sample_1231.jpg,2,drowning_passive,indoor,natural,side_view,0.98
V1232,sample_1232.jpg,3,swimming_distress,indoor,natural,side_view,0.84
V1233,sample_1233.jpg,1,drowning_active,outdoor,artificial,side_view,0.89
V1234,sample_1234.jpg,1,drowning_active,outdoor,low_light,45_degree,0.9
V1235,sample_1235.jpg,1,drowning_active,outdoor,artificial,45_degree,0.86
V1236,sample_1236.jpg,3,swimming_distress,outdoor,artificial,side_view,0.79
V1237,sample_1237.jpg,1,drowning_active,indoor,artificial,overhead,0.77
V1238,sample_1238.jpg,0,normal_swimming,indoor,natural,overhead,0.78
V1239,sample_1239.jpg,2,drowning_passive,outdoor,artificial,overhead,0.92
V1240,sample_1240.jpg,1,drowning_active,indoor,artificial,side_view,0.79
V1241,sample_1241.jpg,1,drowning_active,outdoor,natural,side_view,0.93
V1242,sample_1242.jpg,2,drowning_passive,outdoor,artificial,45_degree,0.91
V1243,sample_1243.jpg,1,drowning_active,outdoor,low_light,side_view,0.83
V1244,sample_1244.jpg,1,drowning_active,outdoor,natural,side_view,0.83
V1245,sample_1245.jpg,1,drowning_active,outdoor,artificial,side_view,0.99
V1246,sample_1246.jpg,2,drowning_passive,outdoor,natural,side_view,0.8
V1247,sample_1247.jpg,2,drowning_passive,indoor,natural,45_degree,0.95
V1248,sample_1248.jpg,3,swimming_distress,indoor,natural,45_degree,0.92
V1249,sample_1249.jpg,0,normal_swimming,indoor,artificial,overhead,0.87
V1250,sample_1250.jpg,0,normal_swimming,outdoor,natural,45_degree,0.93
V1251,sample_1251.jpg,1,drowning_active,indoor,artificial,45_degree,0.85
V1252,sample_1252.jpg,2,drowning_passive,indoor,artificial,overhead,0.96
V1253,sample_1253.jpg,1,drowning_active,outdoor,artificial,side_view,0.9
V1254,sample_1254.jpg,1,drowning_active,outdoor,low_light,45_degree,0.9
V1255,sample_1255.jpg,1,drowning_active,indoor,low_light,45_degree,0.83
V1256,sample_1256.jpg,1,drowning_active,outdoor,low_light,45_degree,0.88
V1257,sample_1257.jpg,3,swimming_distress,indoor,natural,overhead,0.85
V1258,sample_1258.jpg,1,drowning_active,outdoor,artificial,overhead,0.96
V1259,sample_1259.jpg,1,drowning_active,indoor,natural,overhead,0.87
V1260,sample_1260.jpg,1,drowning_active,outdoor,natural,overhead,0.75
V1261,sample_1261.jpg,3,swimming_distress,outdoor,low_light,side_view,0.81
V1262,sample_1262.jpg,3,swimming_distress,outdoor,natural,45_degree,0.95
V1263,sample_1263.jpg,1,drowning_active,outdoor,natural,45_degree,0.81
V1264,sample_1264.jpg,2,drowning_passive,outdoor,artificial,45_degree,0.79
V1265,sample_1265.jpg,3,swimming_distress,indoor,artificial,side_view,0.92
V1266,sample_1266.jpg,0,normal_swimming,outdoor,low_light,45_degree,0.76
V1267,sample_1267.jpg,0,normal_swimming,indoor,artificial,45_degree,0.97
V1268,sample_1268.jpg,0,normal_swimming,indoor,artificial,side_view,0.93
V1269,sample_1269.jpg,0,normal_swimming,indoor,low_light,overhead,0.97
V1270,sample_1270.jpg,2,drowning_passive,outdoor,artificial,side_view,0.98
V1271,sample_1271.jpg,2,drowning_passive,outdoor,artificial,side_view,0.76
V1272,sample_1272.jpg,3,swimming_distress,outdoor,artificial,side_view,0.91
V1273,sample_1273.jpg,3,swimming_distress,indoor,artificial,overhead,0.78
V1274,sample_1274.jpg,2,drowning_passive,indoor,artificial,side_view,0.84
V1275,sample_1275.jpg,1,drowning_active,indoor,natural,overhead,0.76
V1276,sample_1276.jpg,0,normal_swimming,outdoor,artificial,45_degree,0.83
V1277,sample_1277.jpg,3,swimming_distress,indoor,low_light,45_degree,0.97
V1278,sample_1278.jpg,3,swimming_distress,outdoor,natural,overhead,0.97
V1279,sample_1279.jpg,3,swimming_distress,indoor,natural,side_view,0.95
V1280,sample_1280.jpg,0,normal_swimming,outdoor,low_light,45_degree,0.9
V1281,sample_1281.jpg,1,drowning_active,indoor,natural,45_degree,0.76
V1282,sample_1282.jpg,2,drowning_passive,outdoor,natural,overhead,0.84
V1283,sample_1283.jpg,1,drowning_active,indoor,low_light,45_degree,0.8
V1284,sample_1284.jpg,0,normal_swimming,outdoor,natural,45_degree,0.87
V1285,sample_1285.jpg,2,drowning_passive,outdoor,low_light,45_degree,0.86
V1286,sample_1286.jpg,0,normal_swimming,outdoor,artificial,45_degree,0.81
V1287,sample_1287.jpg,3,swimming_distress,outdoor,artificial,side_view,0.98
V1288,sample_1288.jpg,1,drowning_active,outdoor,artificial,side_view,0.93
V1289,sample_1289.jpg,3,swimming_distress,indoor,natural,45_degree,0.95
V1290,sample_1290.jpg,0,normal_swimming,outdoor,artificial,overhead,0.79
V1291,sample_1291.jpg,1,drowning_active,indoor,artificial,side_view,0.79
V1292,sample_1292.jpg,2,drowning_passive,outdoor,artificial,side_view,0.77
V1293,sample_1293.jpg,3,swimming_distress,indoor,artificial,overhead,0.83
V1294,sample_1294.jpg,2,drowning_passive,outdoor,artificial,side_view,0.81
V1295,sample_1295.jpg,3,swimming_distress,outdoor,natural,45_degree,0.78
V1296,sample_1296.jpg,1,drowning_active,indoor,low_light,overhead,0.81
V1297,sample_1297.jpg,3,swimming_distress,outdoor,natural,side_view,0.99
V1298,sample_1298.jpg,1,drowning_active,outdoor,natural,side_view,0.95
V1299,sample_1299.jpg,0,normal_swimming,indoor,artificial,side_view,0.75
V1300,sample_1300.jpg,1,drowning_active,indoor,low_light,overhead,0.81
V1301,sample_1301.jpg,1,drowning_active,indoor,natural,overhead,0.86
V1302,sample_1302.jpg,0,normal_swimming,indoor,low_light,45_degree,0.85
V1303,sample_1303.jpg,3,swimming_distress,indoor,natural,side_view,0.87
V1304,sample_1304.jpg,1,drowning_active,indoor,natural,side_view,0.78
V1305,sample_1305.jpg,2,drowning_passive,outdoor,natural,overhead,0.8
V1306,sample_1306.jpg,1,drowning_active,outdoor,low_light,overhead,0.92
V1307,sample_1307.jpg,3,swimming_distress,outdoor,natural,45_degree,0.85
V1308,sample_1308.jpg,3,swimming_distress,outdoor,low_light,side_view,0.95
V1309,sample_1309.jpg,2,drowning_passive,outdoor,artificial,overhead,0.97
V1310,sample_1310.jpg,2,drowning_passive,indoor,artificial,45_degree,0.76
V1311,sample_1311.jpg,3,swimming_distress,outdoor,natural,side_view,0.75
V1312,sample_1312.jpg,3,swimming_distress,outdoor,natural,overhead,0.84
V1313,sample_1313.jpg,2,drowning_passive,outdoor,artificial,45_degree,0.77
V1314,sample_1314.jpg,3,swimming_distress,indoor,natural,45_degree,0.78
V1315,sample_1315.jpg,1,drowning_active,outdoor,natural,45_degree,0.94
V1316,sample_1316.jpg,1,drowning_active,indoor,natural,45_degree,0.83
V1317,sample_1317.jpg,2,drowning_passive,indoor,natural,side_view,0.95
V1318,sample_1318.jpg,2,drowning_passive,outdoor,low_light,45_degree,0.79
V1319,sample_1319.jpg,2,drowning_passive,indoor,artificial,side_view,0.83
V1320,sample_1320.jpg,2,drowning_passive,indoor,low_light,45_degree,0.98
V1321,sample_1321.jpg,3,swimming_distress,outdoor,low_light,side_view,0.81
V1322,sample_1322.jpg,0,normal_swimming,indoor,natural,45_degree,0.92
V1323,sample_1323.jpg,3,swimming_distress,indoor,natural,overhead,0.8
V1324,sample_1324.jpg,1,drowning_active,indoor,low_light,overhead,0.77
V1325,sample_1325.jpg,2,drowning_passive,outdoor,low_light,side_view,0.77
V1326,sample_1326.jpg,3,swimming_distress,outdoor,artificial,45_degree,0.84
V1327,sample_1327.jpg,0,normal_swimming,indoor,natural,side_view,0.99
V1328,sample_1328.jpg,2,drowning_passive,outdoor,low_light,side_view,0.86
V1329,sample_1329.jpg,3,swimming_distress,indoor,artificial,side_view,0.82
V1330,sample_1330.jpg,2,drowning_passive,indoor,artificial,overhead,0.77
V1331,sample_1331.jpg,3,swimming_distress,outdoor,natural,side_view,0.93
V1332,sample_1332.jpg,0,normal_swimming,outdoor,artificial,overhead,0.83
V1333,sample_1333.jpg,1,drowning_active,indoor,low_light,45_degree,0.88
V1334,sample_1334.jpg,0,normal_swimming,indoor,low_light,45_degree,0.85
V1335,sample_1335.jpg,1,drowning_active,outdoor,artificial,side_view,0.85
V1336,sample_1336.jpg,1,drowning_active,outdoor,artificial,45_degree,0.87
V1337,sample_1337.jpg,2,drowning_passive,outdoor,low_light,45_degree,0.81
V1338,sample_1338.jpg,3,swimming_distress,indoor,natural,overhead,0.85
V1339,sample_1339.jpg,1,drowning_active,indoor,natural,overhead,0.85
V1340,sample_1340.jpg,3,swimming_distress,indoor,low_light,overhead,0.91
V1341,sample_1341.jpg,1,drowning_active,outdoor,low_light,side_view,0.87
V1342,sample_1342.jpg,1,drowning_active,indoor,artificial,45_degree,0.88
V1343,sample_1343.jpg,2,drowning_passive,indoor,artificial,side_view,0.88
V1344,sample_1344.jpg,0,normal_swimming,indoor,natural,side_view,0.75
V1345,sample_1345.jpg,3,swimming_distress,indoor,natural,side_view,0.81
V1346,sample_1346.jpg,3,swimming_distress,outdoor,low_light,overhead,0.81
V1347,sample_1347.jpg,1,drowning_active,indoor,artificial,45_degree,0.87
V1348,sample_1348.jpg,0,normal_swimming,outdoor,low_light,side_view,0.78
V1349,sample_1349.jpg,2,drowning_passive,indoor,artificial,side_view,0.76
V1350,sample_1350.jpg,0,normal_swimming,indoor,artificial,45_degree,0.78
V1351,sample_1351.jpg,3,swimming_distress,indoor,natural,overhead,0.88
V1352,sample_1352.jpg,1,drowning_active,outdoor,natural,overhead,0.9
V1353,sample_1353.jpg,3,swimming_distress,indoor,artificial,side_view,0.95
V1354,sample_1354.jpg,3,swimming_distress,indoor,natural,overhead,0.89
V1355,sample_1355.jpg,2,drowning_passive,outdoor,low_light,overhead,0.79
V1356,sample_1356.jpg,2,drowning_passive,indoor,natural,overhead,0.84
V1357,sample_1357.jpg,2,drowning_passive,indoor,natural,overhead,0.85
V1358,sample_1358.jpg,3,swimming_distress,outdoor,artificial,45_degree,0.78
V1359,sample_1359.jpg,3,swimming_distress,outdoor,low_light,side_view,0.87
V1360,sample_1360.jpg,1,drowning_active,outdoor,artificial,side_view,0.89
V1361,sample_1361.jpg,0,normal_swimming,outdoor,natural,45_degree,0.85
V1362,sample_1362.jpg,2,drowning_passive,indoor,natural,overhead,0.79
V1363,sample_1363.jpg,0,normal_swimming,indoor,artificial,overhead,0.99
V1364,sample_1364.jpg,1,drowning_active,indoor,artificial,45_degree,0.98
V1365,sample_1365.jpg,2,drowning_passive,indoor,low_light,side_view,0.77
V1366,sample_1366.jpg,3,swimming_distress,indoor,artificial,overhead,0.86
V1367,sample_1367.jpg,1,drowning_active,indoor,natural,overhead,0.84
V1368,sample_1368.jpg,2,drowning_passive,indoor,natural,side_view,0.77
V1369,sample_1369.jpg,1,drowning_active,indoor,natural,side_view,0.79
V1370,sample_1370.jpg,2,drowning_passive,outdoor,low_light,side_view,0.79
V1371,sample_1371.jpg,0,normal_swimming,indoor,low_light,overhead,0.77
V1372,sample_1372.jpg,0,normal_swimming,outdoor,low_light,45_degree,0.81
V1373,sample_1373.jpg,3,swimming_distress,outdoor,artificial,side_view,0.81
V1374,sample_1374.jpg,2,drowning_passive,outdoor,low_light,side_view,0.87
V1375,sample_1375.jpg,0,normal_swimming,outdoor,natural,side_view,0.95
V1376,sample_1376.jpg,1,drowning_active,indoor,artificial,45_degree,0.92
V1377,sample_1377.jpg,3,swimming_distress,indoor,artificial,45_degree,0.81
V1378,sample_1378.jpg,2,drowning_passive,indoor,low_light,overhead,0.78
V1379,sample_1379.jpg,2,drowning_passive,indoor,natural,side_view,0.81
V1380,sample_1380.jpg,0,normal_swimming,outdoor,natural,side_view,0.78
V1381,sample_1381.jpg,2,drowning_passive,indoor,low_light,side_view,0.85
V1382,sample_1382.jpg,3,swimming_distress,indoor,natural,45_degree,0.91
V1383,sample_1383.jpg,3,swimming_distress,outdoor,artificial,overhead,0.77
V1384,sample_1384.jpg,0,normal_swimming,outdoor,low_light,overhead,0.77
V1385,sample_1385.jpg,2,drowning_passive,outdoor,artificial,45_degree,0.97
V1386,sample_1386.jpg,2,drowning_passive,outdoor,natural,side_view,0.85
V1387,sample_1387.jpg,1,drowning_active,outdoor,low_light,45_degree,0.89
V1388,sample_1388.jpg,3,swimming_distress,indoor,artificial,overhead,0.86
V1389,sample_1389.jpg,3,swimming_distress,outdoor,artificial,overhead,0.85
V1390,sample_1390.jpg,3,swimming_distress,indoor,low_light,45_degree,0.76
V1391,sample_1391.jpg,3,swimming_distress,outdoor,artificial,45_degree,0.91
V1392,sample_1392.jpg,3,swimming_distress,indoor,artificial,side_view,0.79
V1393,sample_1393.jpg,3,swimming_distress,outdoor,natural,45_degree,0.79
V1394,sample_1394.jpg,1,drowning_active,outdoor,natural,overhead,0.82
V1395,sample_1395.jpg,1,drowning_active,outdoor,natural,45_degree,0.84
V1396,sample_1396.jpg,3,swimming_distress,outdoor,natural,overhead,0.82
V1397,sample_1397.jpg,0,normal_swimming,indoor,natural,overhead,0.94
V1398,sample_1398.jpg,1,drowning_active,outdoor,low_light,side_view,0.76
V1399,sample_1399.jpg,1,drowning_active,outdoor,artificial,overhead,0.81
V1400,sample_1400.jpg,3,swimming_distress,indoor,artificial,45_degree,0.86
V1401,sample_1401.jpg,1,drowning_active,indoor,artificial,45_degree,0.81
V1402,sample_1402.jpg,1,drowning_active,indoor,natural,side_view,0.75
V1403,sample_1403.jpg,1,drowning_active,outdoor,artificial,side_view,0.89
V1404,sample_1404.jpg,1,drowning_active,indoor,artificial,45_degree,0.82
V1405,sample_1405.jpg,3,swimming_distress,outdoor,natural,side_view,0.88
V1406,sample_1406.jpg,3,swimming_distress,outdoor,artificial,side_view,0.98
V1407,sample_1407.jpg,3,swimming_distress,outdoor,artificial,45_degree,0.82
V1408,sample_1408.jpg,3,swimming_distress,indoor,artificial,side_view,0.85
V1409,sample_1409.jpg,3,swimming_distress,indoor,low_light,45_degree,0.92
V1410,sample_1410.jpg,2,drowning_passive,indoor,artificial,overhead,0.83
V1411,sample_1411.jpg,2,drowning_passive,indoor,artificial,side_view,0.92
V1412,sample_1412.jpg,2,drowning_passive,outdoor,artificial,overhead,0.98
V1413,sample_1413.jpg,2,drowning_passive,indoor,natural,side_view,0.96
V1414,sample_1414.jpg,3,swimming_distress,outdoor,natural,side_view,0.96
V1415,sample_1415.jpg,3,swimming_distress,outdoor,natural,side_view,0.88
V1416,sample_1416.jpg,0,normal_swimming,outdoor,natural,side_view,0.8
V1417,sample_1417.jpg,1,drowning_active,outdoor,artificial,45_degree,0.92
V1418,sample_1418.jpg,2,drowning_passive,outdoor,low_light,45_degree,0.82
V1419,sample_1419.jpg,2,drowning_passive,outdoor,artificial,overhead,0.98
V1420,sample_1420.jpg,2,drowning_passive,outdoor,natural,45_degree,0.89
V1421,sample_1421.jpg,2,drowning_passive,indoor,low_light,overhead,0.95
V1422,sample_1422.jpg,3,swimming_distress,outdoor,natural,overhead,0.87
V1423,sample_1423.jpg,3,swimming_distress,outdoor,natural,side_view,0.78
V1424,sample_1424.jpg,1,drowning_active,indoor,low_light,side_view,0.93
V1425,sample_1425.jpg,3,swimming_distress,outdoor,artificial,45_degree,0.95
V1426,sample_1426.jpg,0,normal_swimming,outdoor,natural,45_degree,0.91
V1427,sample_1427.jpg,0,normal_swimming,indoor,low_light,45_degree,0.77
V1428,sample_1428.jpg,0,normal_swimming,outdoor,natural,overhead,0.9
V1429,sample_1429.jpg,0,normal_swimming,indoor,natural,45_degree,0.81
V1430,sample_1430.jpg,2,drowning_passive,outdoor,natural,overhead,0.99
V1431,sample_1431.jpg,2,drowning_passive,outdoor,low_light,side_view,0.87
V1432,sample_1432.jpg,0,normal_swimming,outdoor,low_light,side_view,0.86
V1433,sample_1433.jpg,2,drowning_passive,outdoor,low_light,side_view,0.84
V1434,sample_1434.jpg,1,drowning_active,outdoor,artificial,side_view,0.85
V1435,sample_1435.jpg,3,swimming_distress,indoor,natural,45_degree,0.77
V1436,sample_1436.jpg,1,drowning_active,indoor,low_light,45_degree,0.75
V1437,sample_1437.jpg,3,swimming_distress,outdoor,natural,45_degree,0.76
V1438,sample_1438.jpg,0,normal_swimming,indoor,low_light,side_view,0.95
V1439,sample_1439.jpg,3,swimming_distress,indoor,natural,side_view,0.78
V1440,sample_1440.jpg,3,swimming_distress,indoor,low_light,overhead,0.87
V1441,sample_1441.jpg,3,swimming_distress,outdoor,artificial,overhead,0.93
V1442,sample_1442.jpg,0,normal_swimming,indoor,artificial,side_view,0.86
V1443,sample_1443.jpg,3,swimming_distress,indoor,natural,overhead,0.93
V1444,sample_1444.jpg,3,swimming_distress,outdoor,low_light,45_degree,0.78
V1445,sample_1445.jpg,0,normal_swimming,indoor,artificial,side_view,0.84
V1446,sample_1446.jpg,0,normal_swimming,outdoor,natural,side_view,0.81
V1447,sample_1447.jpg,1,drowning_active,outdoor,artificial,45_degree,0.84
V1448,sample_1448.jpg,3,swimming_distress,outdoor,natural,overhead,0.85
V1449,sample_1449.jpg,3,swimming_distress,indoor,natural,45_degree,0.95
V1450,sample_1450.jpg,1,drowning_active,indoor,natural,45_degree,0.88
V1451,sample_1451.jpg,2,drowning_passive,outdoor,artificial,overhead,0.9
V1452,sample_1452.jpg,2,drowning_passive,outdoor,natural,overhead,0.81
V1453,sample_1453.jpg,1,drowning_active,outdoor,artificial,side_view,0.79
V1454,sample_1454.jpg,2,drowning_passive,outdoor,artificial,overhead,0.84
V1455,sample_1455.jpg,0,normal_swimming,outdoor,artificial,45_degree,0.82
V1456,sample_1456.jpg,0,normal_swimming,outdoor,artificial,side_view,0.76
V1457,sample_1457.jpg,1,drowning_active,indoor,artificial,overhead,0.8
V1458,sample_1458.jpg,2,drowning_passive,outdoor,natural,side_view,0.98
V1459,sample_1459.jpg,1,drowning_active,outdoor,artificial,overhead,0.84
V1460,sample_1460.jpg,3,swimming_distress,outdoor,natural,overhead,0.97
V1461,sample_1461.jpg,1,drowning_active,outdoor,artificial,overhead,0.78
V1462,sample_1462.jpg,0,normal_swimming,outdoor,low_light,overhead,0.95
V1463,sample_1463.jpg,3,swimming_distress,outdoor,artificial,side_view,0.91
V1464,sample_1464.jpg,1,drowning_active,indoor,low_light,45_degree,0.76
V1465,sample_1465.jpg,2,drowning_passive,indoor,artificial,overhead,0.95
V1466,sample_1466.jpg,1,drowning_active,outdoor,artificial,side_view,0.86
V1467,sample_1467.jpg,3,swimming_distress,outdoor,artificial,45_degree,0.96
V1468,sample_1468.jpg,1,drowning_active,indoor,low_light,45_degree,0.84
V1469,sample_1469.jpg,2,drowning_passive,outdoor,low_light,side_view,0.95
V1470,sample_1470.jpg,1,drowning_active,outdoor,natural,side_view,0.88
V1471,sample_1471.jpg,0,normal_swimming,outdoor,artificial,side_view,0.85
V1472,sample_1472.jpg,3,swimming_distress,outdoor,natural,overhead,0.91
V1473,sample_1473.jpg,3,swimming_distress,outdoor,low_light,side_view,0.92
V1474,sample_1474.jpg,3,swimming_distress,indoor,artificial,overhead,0.88
V1475,sample_1475.jpg,2,drowning_passive,indoor,natural,45_degree,0.97
V1476,sample_1476.jpg,1,drowning_active,indoor,natural,overhead,0.83
V1477,sample_1477.jpg,1,drowning_active,indoor,low_light,side_view,0.85
V1478,sample_1478.jpg,0,normal_swimming,outdoor,natural,side_view,0.89
V1479,sample_1479.jpg,2,drowning_passive,indoor,low_light,side_view,0.86
V1480,sample_1480.jpg,3,swimming_distress,indoor,low_light,overhead,0.81
V1481,sample_1481.jpg,1,drowning_active,indoor,natural,overhead,0.96
V1482,sample_1482.jpg,2,drowning_passive,indoor,low_light,overhead,0.95
V1483,sample_1483.jpg,3,swimming_distress,outdoor,natural,side_view,0.98
V1484,sample_1484.jpg,0,normal_swimming,outdoor,low_light,side_view,0.76
V1485,sample_1485.jpg,1,drowning_active,outdoor,artificial,45_degree,0.8
V1486,sample_1486.jpg,3,swimming_distress,outdoor,natural,side_view,0.85
V1487,sample_1487.jpg,3,swimming_distress,indoor,natural,side_view,0.99
V1488,sample_1488.jpg,0,normal_swimming,indoor,low_light,45_degree,0.91
V1489,sample_1489.jpg,1,drowning_active,outdoor,artificial,45_degree,0.91
V1490,sample_1490.jpg,2,drowning_passive,outdoor,low_light,45_degree,0.9
V1491,sample_1491.jpg,2,drowning_passive,indoor,natural,side_view,0.86
V1492,sample_1492.jpg,3,swimming_distress,outdoor,low_light,side_view,0.85
V1493,sample_1493.jpg,3,swimming_distress,indoor,artificial,side_view,0.94
V1494,sample_1494.jpg,2,drowning_passive,outdoor,low_light,overhead,0.83
V1495,sample_1495.jpg,3,swimming_distress,outdoor,natural,overhead,0.96
V1496,sample_1496.jpg,1,drowning_active,outdoor,natural,side_view,0.84
V1497,sample_1497.jpg,1,drowning_active,indoor,low_light,side_view,0.83
V1498,sample_1498.jpg,3,swimming_distress,indoor,natural,45_degree,0.96
V1499,sample_1499.jpg,2,drowning_passive,indoor,natural,45_degree,0.96
V1500,sample_1500.jpg,2,drowning_passive,outdoor,natural,side_view,0.99
